truth,detected,match
en,en,Y
en,en,Y
en,en,Y
en,en,Y
en,en,Y
en,en,Y
en,en,Y
en,en,Y
en,en,Y
en,en,Y
en,en,Y
en,en,Y
en,en,Y
en,en,Y
en,en,Y
en,en,Y
en,en,Y
en,en,Y
en,en,Y
en,en,Y
en,en,Y
en,en,Y
en,en,Y
en,en,Y
en,en,Y
en,en,Y
en,en,Y
en,en,Y
en,en,Y
en,en,Y
en,en,Y
en,en,Y
en,en,Y
en,en,Y
en,en,Y
en,en,Y
en,en,Y
en,en,Y
en,en,Y
en,en,Y
en,en,Y
en,en,Y
en,en,Y
en,en,Y
en,en,Y
en,en,Y
en,en,Y
en,en,Y
en,en,Y
en,en,Y
en,en,Y
en,en,Y
en,en,Y
en,en,Y
en,en,Y
en,en,Y
en,en,Y
en,en,Y
en,en,Y
en,en,Y
en,en,Y
en,en,Y
en,en,Y
en,en,Y
en,en,Y
en,en,Y
en,en,Y
en,en,Y
en,en,Y
en,en,Y
en,en,Y
en,en,Y
en,en,Y
en,en,Y
en,en,Y
en,en,Y
en,en,Y
en,en,Y
en,en,Y
en,en,Y
en,en,Y
en,en,Y
en,en,Y
en,en,Y
en,en,Y
en,en,Y
en,en,Y
en,en,Y
en,en,Y
en,en,Y
en,en,Y
en,en,Y
en,en,Y
en,en,Y
en,en,Y
en,en,Y
en,en,Y
en,en,Y
en,en,Y
en,en,Y
en,en,Y
en,en,Y
en,en,Y
en,en,Y
en,en,Y
en,en,Y
en,en,Y
en,en,Y
en,en,Y
en,en,Y
en,en,Y
en,en,Y
en,en,Y
en,en,Y
en,en,Y
en,en,Y
en,en,Y
en,en,Y
en,en,Y
en,en,Y
en,en,Y
en,en,Y
en,en,Y
en,en,Y
en,en,Y
en,en,Y
en,en,Y
en,en,Y
en,en,Y
en,en,Y
en,en,Y
en,en,Y
en,en,Y
en,en,Y
en,en,Y
en,en,Y
en,en,Y
en,en,Y
en,en,Y
en,en,Y
en,en,Y
en,en,Y
en,en,Y
en,en,Y
en,en,Y
en,en,Y
en,en,Y
en,en,Y
en,en,Y
en,en,Y
en,en,Y
en,en,Y
en,en,Y
en,en,Y
en,en,Y
en,en,Y
en,en,Y
en,en,Y
en,en,Y
en,en,Y
en,en,Y
en,en,Y
en,en,Y
en,en,Y
en,en,Y
en,en,Y
en,en,Y
en,en,Y
en,en,Y
en,en,Y
en,en,Y
en,en,Y
en,en,Y
en,en,Y
en,en,Y
en,en,Y
en,en,Y
en,en,Y
en,en,Y
en,en,Y
en,en,Y
en,en,Y
en,en,Y
en,en,Y
en,en,Y
en,en,Y
en,en,Y
en,en,Y
en,en,Y
en,en,Y
en,en,Y
en,en,Y
en,en,Y
en,en,Y
en,en,Y
en,en,Y
en,en,Y
en,en,Y
en,en,Y
en,en,Y
en,en,Y
en,en,Y
en,en,Y
en,en,Y
en,en,Y
en,en,Y
en,en,Y
en,en,Y
en,en,Y
en,en,Y
en,en,Y
en,en,Y
en,en,Y
en,en,Y
en,en,Y
en,en,Y
en,en,Y
en,en,Y
en,en,Y
en,en,Y
en,en,Y
en,en,Y
en,en,Y
en,en,Y
en,en,Y
en,en,Y
en,en,Y
en,en,Y
en,en,Y
en,en,Y
en,en,Y
en,en,Y
en,en,Y
en,en,Y
en,en,Y
en,en,Y
en,en,Y
en,en,Y
en,en,Y
en,en,Y
en,en,Y
en,en,Y
en,en,Y
en,en,Y
en,en,Y
en,en,Y
en,en,Y
en,en,Y
en,en,Y
en,en,Y
en,en,Y
en,en,Y
en,en,Y
en,en,Y
en,en,Y
en,en,Y
en,en,Y
en,en,Y
en,en,Y
en,en,Y
en,en,Y
en,en,Y
en,en,Y
en,en,Y
en,en,Y
en,en,Y
en,en,Y
en,en,Y
en,en,Y
en,en,Y
en,en,Y
en,en,Y
en,en,Y
en,en,Y
en,en,Y
en,en,Y
en,en,Y
en,en,Y
en,en,Y
en,en,Y
en,en,Y
en,en,Y
en,en,Y
en,en,Y
en,en,Y
en,en,Y
en,en,Y
en,en,Y
en,en,Y
en,en,Y
en,en,Y
en,en,Y
en,en,Y
en,en,Y
en,en,Y
en,en,Y
en,en,Y
en,en,Y
en,en,Y
en,en,Y
en,en,Y
en,en,Y
en,en,Y
en,en,Y
en,en,Y
en,en,Y
en,en,Y
en,en,Y
en,en,Y
en,en,Y
en,en,Y
en,en,Y
en,en,Y
en,en,Y
en,en,Y
en,en,Y
en,en,Y
en,en,Y
en,en,Y
en,en,Y
en,en,Y
en,en,Y
en,en,Y
en,en,Y
en,en,Y
en,en,Y
en,en,Y
en,en,Y
en,en,Y
en,en,Y
en,en,Y
en,en,Y
en,en,Y
en,en,Y
en,en,Y
en,en,Y
en,en,Y
en,en,Y
en,en,Y
en,en,Y
en,en,Y
en,en,Y
en,en,Y
en,en,Y
en,en,Y
en,en,Y
en,en,Y
en,cy,N
en,en,Y
en,en,Y
en,en,Y
en,en,Y
en,en,Y
en,en,Y
en,en,Y
en,en,Y
en,en,Y
en,en,Y
en,en,Y
en,en,Y
en,en,Y
en,en,Y
en,en,Y
en,en,Y
en,en,Y
en,en,Y
en,en,Y
en,en,Y
en,en,Y
en,en,Y
en,en,Y
en,en,Y
en,en,Y
en,en,Y
en,en,Y
en,en,Y
en,en,Y
en,en,Y
en,en,Y
en,en,Y
en,en,Y
en,en,Y
en,en,Y
en,en,Y
en,en,Y
en,en,Y
en,en,Y
en,en,Y
en,en,Y
en,en,Y
en,en,Y
en,en,Y
en,en,Y
en,en,Y
en,en,Y
en,en,Y
en,en,Y
en,en,Y
en,en,Y
en,en,Y
en,en,Y
en,en,Y
en,en,Y
en,en,Y
en,en,Y
en,en,Y
en,en,Y
en,en,Y
en,en,Y
en,en,Y
en,en,Y
en,en,Y
en,en,Y
en,en,Y
en,en,Y
en,en,Y
en,en,Y
en,en,Y
en,en,Y
en,en,Y
en,en,Y
en,en,Y
en,en,Y
en,en,Y
en,en,Y
en,en,Y
en,en,Y
en,en,Y
en,en,Y
en,en,Y
en,en,Y
en,en,Y
en,en,Y
en,en,Y
en,en,Y
en,en,Y
en,en,Y
en,en,Y
en,en,Y
en,en,Y
en,en,Y
en,en,Y
en,en,Y
en,en,Y
en,en,Y
en,en,Y
en,en,Y
en,en,Y
en,en,Y
en,en,Y
en,en,Y
en,en,Y
en,en,Y
en,en,Y
en,en,Y
en,en,Y
en,en,Y
en,en,Y
en,fr,N
en,en,Y
en,en,Y
en,en,Y
en,en,Y
en,en,Y
en,en,Y
en,en,Y
en,en,Y
en,en,Y
en,en,Y
en,en,Y
en,en,Y
en,en,Y
en,en,Y
en,en,Y
en,en,Y
en,en,Y
en,en,Y
en,en,Y
en,en,Y
en,en,Y
en,en,Y
en,en,Y
en,en,Y
en,en,Y
en,en,Y
en,en,Y
en,en,Y
en,en,Y
en,en,Y
en,en,Y
en,en,Y
en,en,Y
en,en,Y
en,en,Y
en,en,Y
en,en,Y
en,en,Y
en,en,Y
en,en,Y
en,en,Y
en,en,Y
en,en,Y
en,en,Y
en,en,Y
en,en,Y
en,en,Y
en,en,Y
en,en,Y
en,en,Y
en,en,Y
en,en,Y
en,en,Y
en,en,Y
en,en,Y
en,en,Y
en,en,Y
en,en,Y
en,en,Y
en,en,Y
en,en,Y
en,en,Y
en,en,Y
en,en,Y
en,en,Y
en,en,Y
en,en,Y
en,en,Y
en,en,Y
en,en,Y
en,en,Y
en,en,Y
en,en,Y
en,en,Y
en,en,Y
en,en,Y
en,en,Y
en,en,Y
en,en,Y
en,en,Y
en,en,Y
en,en,Y
en,en,Y
en,en,Y
en,en,Y
en,af,N
en,en,Y
en,en,Y
en,en,Y
en,en,Y
en,en,Y
en,en,Y
en,en,Y
en,en,Y
en,en,Y
en,en,Y
en,en,Y
en,en,Y
en,en,Y
en,en,Y
en,en,Y
en,en,Y
en,en,Y
en,en,Y
en,en,Y
en,en,Y
en,en,Y
en,en,Y
en,en,Y
en,en,Y
en,en,Y
en,en,Y
en,en,Y
en,en,Y
en,en,Y
en,en,Y
en,en,Y
en,en,Y
en,en,Y
en,en,Y
en,en,Y
en,en,Y
en,en,Y
en,en,Y
en,en,Y
en,en,Y
en,en,Y
en,en,Y
en,en,Y
en,en,Y
en,en,Y
en,en,Y
en,en,Y
en,en,Y
en,en,Y
en,en,Y
en,en,Y
en,en,Y
en,en,Y
en,en,Y
en,en,Y
en,en,Y
en,en,Y
en,en,Y
en,en,Y
en,en,Y
en,en,Y
en,en,Y
en,en,Y
en,en,Y
en,en,Y
en,en,Y
en,en,Y
en,en,Y
en,en,Y
en,en,Y
en,en,Y
en,en,Y
en,en,Y
en,en,Y
en,en,Y
en,en,Y
en,en,Y
en,en,Y
en,en,Y
en,en,Y
en,en,Y
en,en,Y
en,en,Y
en,en,Y
en,en,Y
en,en,Y
en,en,Y
en,en,Y
en,en,Y
en,en,Y
en,en,Y
en,en,Y
en,en,Y
en,en,Y
en,en,Y
en,en,Y
en,en,Y
en,en,Y
en,en,Y
en,en,Y
en,en,Y
en,en,Y
en,en,Y
en,en,Y
en,en,Y
en,en,Y
en,en,Y
en,en,Y
en,en,Y
en,en,Y
en,en,Y
en,en,Y
en,en,Y
en,en,Y
en,en,Y
en,en,Y
en,en,Y
en,en,Y
en,en,Y
en,en,Y
en,en,Y
en,en,Y
en,en,Y
en,en,Y
en,en,Y
en,en,Y
en,en,Y
en,en,Y
en,en,Y
en,en,Y
en,en,Y
en,en,Y
en,en,Y
en,en,Y
en,en,Y
en,en,Y
en,en,Y
en,en,Y
en,en,Y
en,en,Y
en,en,Y
en,en,Y
en,en,Y
en,en,Y
en,en,Y
en,en,Y
en,en,Y
en,en,Y
en,en,Y
en,en,Y
en,en,Y
en,en,Y
en,en,Y
en,en,Y
en,en,Y
en,en,Y
en,en,Y
en,en,Y
en,en,Y
en,en,Y
en,en,Y
en,en,Y
en,en,Y
en,en,Y
en,en,Y
en,en,Y
en,en,Y
en,en,Y
en,en,Y
en,en,Y
en,en,Y
en,en,Y
en,en,Y
en,en,Y
en,en,Y
en,en,Y
en,en,Y
en,en,Y
en,en,Y
en,en,Y
en,en,Y
en,en,Y
en,en,Y
en,en,Y
en,en,Y
en,en,Y
en,en,Y
en,en,Y
en,en,Y
en,en,Y
en,en,Y
en,en,Y
en,en,Y
en,en,Y
en,en,Y
en,en,Y
en,en,Y
en,en,Y
en,en,Y
en,en,Y
en,en,Y
en,en,Y
en,en,Y
en,en,Y
en,en,Y
en,vi,N
en,en,Y
en,en,Y
en,en,Y
en,en,Y
en,en,Y
en,en,Y
en,en,Y
en,en,Y
en,en,Y
en,en,Y
en,en,Y
en,en,Y
en,en,Y
en,en,Y
en,en,Y
en,en,Y
en,en,Y
en,en,Y
en,en,Y
en,en,Y
en,en,Y
en,en,Y
en,en,Y
en,en,Y
en,en,Y
en,en,Y
en,en,Y
en,en,Y
en,en,Y
en,en,Y
en,en,Y
en,en,Y
en,en,Y
en,en,Y
en,en,Y
en,en,Y
en,en,Y
en,en,Y
en,en,Y
en,en,Y
en,en,Y
en,en,Y
en,en,Y
en,en,Y
en,en,Y
en,en,Y
en,en,Y
en,en,Y
en,en,Y
en,en,Y
en,en,Y
en,en,Y
en,en,Y
en,en,Y
en,en,Y
en,en,Y
en,en,Y
en,en,Y
en,en,Y
en,en,Y
en,en,Y
en,en,Y
en,en,Y
en,en,Y
en,en,Y
en,en,Y
en,en,Y
en,en,Y
en,en,Y
en,en,Y
en,en,Y
en,en,Y
en,en,Y
en,en,Y
en,en,Y
en,en,Y
en,en,Y
en,en,Y
en,en,Y
en,en,Y
en,en,Y
en,en,Y
en,en,Y
en,en,Y
en,en,Y
en,en,Y
en,en,Y
en,en,Y
en,en,Y
en,en,Y
en,en,Y
en,en,Y
en,en,Y
en,en,Y
en,en,Y
en,en,Y
en,en,Y
en,en,Y
en,en,Y
en,en,Y
en,en,Y
en,en,Y
en,en,Y
en,en,Y
en,en,Y
en,en,Y
en,en,Y
en,en,Y
en,en,Y
en,en,Y
en,en,Y
en,en,Y
en,en,Y
en,en,Y
en,en,Y
en,en,Y
en,en,Y
en,en,Y
en,en,Y
en,en,Y
en,en,Y
en,en,Y
en,en,Y
en,en,Y
en,en,Y
en,en,Y
en,en,Y
en,en,Y
en,en,Y
en,en,Y
en,en,Y
en,en,Y
en,en,Y
en,en,Y
en,en,Y
en,en,Y
en,en,Y
en,en,Y
en,en,Y
en,en,Y
en,en,Y
en,en,Y
en,en,Y
en,en,Y
en,en,Y
en,en,Y
en,en,Y
en,en,Y
en,en,Y
en,en,Y
en,en,Y
en,en,Y
en,en,Y
en,en,Y
en,en,Y
en,en,Y
en,en,Y
en,en,Y
en,en,Y
en,en,Y
en,en,Y
en,en,Y
en,en,Y
en,en,Y
en,en,Y
en,en,Y
en,en,Y
en,en,Y
en,en,Y
en,en,Y
en,en,Y
en,en,Y
en,en,Y
en,en,Y
en,en,Y
en,en,Y
en,en,Y
en,en,Y
en,en,Y
en,en,Y
en,en,Y
en,en,Y
en,en,Y
en,en,Y
en,en,Y
en,en,Y
en,en,Y
en,en,Y
en,en,Y
en,en,Y
en,en,Y
en,en,Y
en,en,Y
en,en,Y
en,en,Y
en,en,Y
en,en,Y
en,en,Y
en,en,Y
en,en,Y
en,en,Y
en,en,Y
en,en,Y
en,en,Y
en,en,Y
en,en,Y
en,en,Y
en,en,Y
en,en,Y
en,en,Y
en,en,Y
en,en,Y
en,en,Y
en,en,Y
en,en,Y
en,en,Y
en,en,Y
en,en,Y
en,en,Y
en,en,Y
en,en,Y
en,en,Y
en,en,Y
en,en,Y
en,en,Y
en,en,Y
en,en,Y
en,en,Y
en,en,Y
en,en,Y
en,en,Y
en,en,Y
en,en,Y
en,en,Y
en,en,Y
en,en,Y
en,en,Y
en,en,Y
en,en,Y
en,en,Y
en,en,Y
en,en,Y
en,en,Y
en,en,Y
en,en,Y
en,en,Y
en,en,Y
en,en,Y
en,en,Y
en,en,Y
en,en,Y
en,en,Y
en,en,Y
en,en,Y
en,en,Y
en,en,Y
en,en,Y
en,en,Y
en,en,Y
en,en,Y
en,en,Y
en,en,Y
en,en,Y
en,en,Y
en,en,Y
en,en,Y
en,en,Y
en,en,Y
en,en,Y
en,en,Y
en,en,Y
en,en,Y
en,en,Y
en,en,Y
en,en,Y
en,en,Y
en,en,Y
en,en,Y
en,en,Y
en,en,Y
en,en,Y
en,en,Y
en,en,Y
en,en,Y
en,en,Y
en,en,Y
en,en,Y
en,en,Y
en,en,Y
en,en,Y
en,en,Y
en,en,Y
en,en,Y
en,en,Y
en,en,Y
en,en,Y
en,en,Y
en,en,Y
en,en,Y
en,en,Y
en,en,Y
en,en,Y
en,en,Y
en,en,Y
en,en,Y
en,en,Y
en,en,Y
en,en,Y
en,en,Y
en,en,Y
en,en,Y
en,en,Y
en,en,Y
en,en,Y
en,en,Y
en,en,Y
en,en,Y
en,en,Y
en,en,Y
en,en,Y
en,en,Y
en,en,Y
en,en,Y
en,en,Y
en,en,Y
en,en,Y
en,en,Y
en,en,Y
en,en,Y
en,en,Y
en,da,N
en,en,Y
en,en,Y
en,en,Y
en,en,Y
en,en,Y
en,en,Y
en,en,Y
en,en,Y
en,en,Y
en,en,Y
en,en,Y
en,en,Y
en,en,Y
en,en,Y
en,en,Y
en,en,Y
en,en,Y
en,en,Y
en,en,Y
en,en,Y
en,en,Y
en,en,Y
en,en,Y
en,en,Y
en,en,Y
en,en,Y
en,en,Y
en,en,Y
en,pl,N
en,en,Y
en,en,Y
en,en,Y
en,en,Y
en,en,Y
en,en,Y
en,en,Y
en,en,Y
en,en,Y
en,en,Y
en,en,Y
en,en,Y
en,en,Y
en,en,Y
en,en,Y
en,en,Y
en,en,Y
en,en,Y
en,en,Y
en,en,Y
en,en,Y
en,en,Y
en,sv,N
en,en,Y
en,so,N
en,en,Y
en,en,Y
en,cy,N
en,en,Y
en,en,Y
en,sv,N
en,en,Y
en,en,Y
en,af,N
en,da,N
en,tl,N
en,en,Y
en,en,Y
en,en,Y
en,en,Y
en,en,Y
en,en,Y
en,en,Y
en,en,Y
en,en,Y
en,en,Y
en,en,Y
en,en,Y
en,en,Y
en,en,Y
en,en,Y
en,en,Y
en,en,Y
en,en,Y
en,en,Y
en,en,Y
en,en,Y
en,en,Y
en,en,Y
en,en,Y
en,en,Y
en,en,Y
en,en,Y
en,en,Y
en,en,Y
en,en,Y
en,en,Y
en,en,Y
en,en,Y
en,cy,N
en,cs,N
en,hr,N
en,en,Y
en,en,Y
en,en,Y
en,en,Y
en,en,Y
en,en,Y
en,en,Y
en,en,Y
en,no,N
en,en,Y
en,sq,N
en,en,Y
en,pl,N
en,sv,N
en,en,Y
en,en,Y
en,en,Y
en,en,Y
en,en,Y
en,en,Y
en,en,Y
en,en,Y
en,en,Y
en,ca,N
en,en,Y
en,en,Y
en,en,Y
en,en,Y
en,en,Y
en,en,Y
en,en,Y
en,en,Y
en,en,Y
en,en,Y
en,en,Y
en,en,Y
en,en,Y
en,nl,N
en,tl,N
en,en,Y
en,en,Y
en,en,Y
en,en,Y
en,en,Y
en,no,N
en,en,Y
en,en,Y
en,en,Y
en,en,Y
en,en,Y
en,en,Y
en,en,Y
en,af,N
en,en,Y
en,en,Y
en,pt,N
en,en,Y
en,en,Y
en,en,Y
en,tl,N
en,cy,N
en,en,Y
en,nl,N
en,en,Y
en,en,Y
en,en,Y
en,en,Y
en,en,Y
en,en,Y
en,fr,N
en,en,Y
en,en,Y
en,tl,N
en,af,N
en,en,Y
en,en,Y
en,en,Y
en,en,Y
en,no,N
en,cy,N
en,fi,N
en,en,Y
en,en,Y
en,en,Y
en,en,Y
en,so,N
en,fr,N
en,sq,N
en,en,Y
en,fr,N
en,en,Y
en,en,Y
en,en,Y
en,en,Y
en,en,Y
en,en,Y
en,tl,N
en,en,Y
en,en,Y
en,en,Y
en,en,Y
en,en,Y
en,af,N
en,en,Y
en,en,Y
en,en,Y
en,fi,N
en,fr,N
en,en,Y
en,es,N
en,it,N
en,en,Y
en,cy,N
en,cy,N
en,en,Y
en,en,Y
en,en,Y
en,en,Y
en,hr,N
en,en,Y
en,cy,N
en,en,Y
en,cy,N
en,en,Y
en,en,Y
en,en,Y
en,en,Y
en,en,Y
en,en,Y
en,en,Y
en,so,N
en,en,Y
en,en,Y
en,en,Y
en,en,Y
en,en,Y
en,en,Y
en,fr,N
en,en,Y
en,en,Y
en,en,Y
en,en,Y
en,en,Y
en,en,Y
en,en,Y
en,tl,N
en,en,Y
en,en,Y
en,en,Y
en,af,N
en,en,Y
en,en,Y
en,en,Y
en,en,Y
en,en,Y
en,en,Y
en,en,Y
en,en,Y
en,en,Y
en,en,Y
en,en,Y
en,en,Y
en,en,Y
en,en,Y
en,en,Y
en,en,Y
en,en,Y
en,en,Y
en,en,Y
en,en,Y
en,en,Y
en,en,Y
en,en,Y
en,en,Y
en,en,Y
en,en,Y
en,en,Y
en,en,Y
en,en,Y
en,en,Y
en,en,Y
en,en,Y
en,en,Y
en,en,Y
en,en,Y
en,en,Y
en,en,Y
en,en,Y
en,en,Y
en,en,Y
en,en,Y
en,en,Y
en,en,Y
en,en,Y
en,en,Y
en,en,Y
en,en,Y
en,en,Y
en,en,Y
en,en,Y
en,en,Y
en,en,Y
ml,ml,Y
ml,ml,Y
ml,ml,Y
ml,ml,Y
ml,ml,Y
ml,ml,Y
ml,ml,Y
ml,ml,Y
ml,en,N
ml,ml,Y
ml,ml,Y
ml,ml,Y
ml,ml,Y
ml,ml,Y
ml,ml,Y
ml,ml,Y
ml,ml,Y
ml,ml,Y
ml,ml,Y
ml,ml,Y
ml,ml,Y
ml,ml,Y
ml,ml,Y
ml,ml,Y
ml,ml,Y
ml,ml,Y
ml,ml,Y
ml,ml,Y
ml,ml,Y
ml,ml,Y
ml,ml,Y
ml,ml,Y
ml,ml,Y
ml,ml,Y
ml,ml,Y
ml,ml,Y
ml,ml,Y
ml,ml,Y
ml,ml,Y
ml,ml,Y
ml,ml,Y
ml,ml,Y
ml,ml,Y
ml,ml,Y
ml,ml,Y
ml,ml,Y
ml,ml,Y
ml,ml,Y
ml,ml,Y
ml,ml,Y
ml,ml,Y
ml,ml,Y
ml,ml,Y
ml,ml,Y
ml,ml,Y
ml,ml,Y
ml,ml,Y
ml,ml,Y
ml,ml,Y
ml,ml,Y
ml,ml,Y
ml,ml,Y
ml,ml,Y
ml,ml,Y
ml,ml,Y
ml,ml,Y
ml,ml,Y
ml,ml,Y
ml,ml,Y
ml,ml,Y
ml,ml,Y
ml,ml,Y
ml,ml,Y
ml,ml,Y
ml,ml,Y
ml,ml,Y
ml,ml,Y
ml,ml,Y
ml,ml,Y
ml,ml,Y
ml,ml,Y
ml,ml,Y
ml,ml,Y
ml,ml,Y
ml,ml,Y
ml,ml,Y
ml,ml,Y
ml,ml,Y
ml,ml,Y
ml,ml,Y
ml,ml,Y
ml,ml,Y
ml,ml,Y
ml,ml,Y
ml,ml,Y
ml,ml,Y
ml,ml,Y
ml,ml,Y
ml,ml,Y
ml,ml,Y
ml,ml,Y
ml,ml,Y
ml,ml,Y
ml,ml,Y
ml,ml,Y
ml,ml,Y
ml,ml,Y
ml,ml,Y
ml,ml,Y
ml,ml,Y
ml,ml,Y
ml,ml,Y
ml,ml,Y
ml,ml,Y
ml,ml,Y
ml,ml,Y
ml,ml,Y
ml,ml,Y
ml,ml,Y
ml,ml,Y
ml,ml,Y
ml,ml,Y
ml,ml,Y
ml,ml,Y
ml,ml,Y
ml,ml,Y
ml,ml,Y
ml,ml,Y
ml,ml,Y
ml,ml,Y
ml,ml,Y
ml,ml,Y
ml,ml,Y
ml,ml,Y
ml,ml,Y
ml,ml,Y
ml,ml,Y
ml,ml,Y
ml,ml,Y
ml,ml,Y
ml,ml,Y
ml,ml,Y
ml,ml,Y
ml,ml,Y
ml,ml,Y
ml,ml,Y
ml,ml,Y
ml,ml,Y
ml,ml,Y
ml,ml,Y
ml,ml,Y
ml,ml,Y
ml,ml,Y
ml,ml,Y
ml,ml,Y
ml,ml,Y
ml,ml,Y
ml,ml,Y
ml,ml,Y
ml,ml,Y
ml,ml,Y
ml,ml,Y
ml,ml,Y
ml,ml,Y
ml,ml,Y
ml,ml,Y
ml,ml,Y
ml,ml,Y
ml,ml,Y
ml,ml,Y
ml,ml,Y
ml,ml,Y
ml,ml,Y
ml,ml,Y
ml,ml,Y
ml,ml,Y
ml,ml,Y
ml,ml,Y
ml,ml,Y
ml,ml,Y
ml,ml,Y
ml,ml,Y
ml,ml,Y
ml,ml,Y
ml,ml,Y
ml,ml,Y
ml,ml,Y
ml,ml,Y
ml,ml,Y
ml,ml,Y
ml,ml,Y
ml,ml,Y
ml,ml,Y
ml,ml,Y
ml,ml,Y
ml,ml,Y
ml,ml,Y
ml,ml,Y
ml,ml,Y
ml,ml,Y
ml,ml,Y
ml,ml,Y
ml,ml,Y
ml,ml,Y
ml,ml,Y
ml,ml,Y
ml,ml,Y
ml,ml,Y
ml,ml,Y
ml,ml,Y
ml,ml,Y
ml,ml,Y
ml,ml,Y
ml,ml,Y
ml,ml,Y
ml,ml,Y
ml,ml,Y
ml,ml,Y
ml,ml,Y
ml,ml,Y
ml,ml,Y
ml,ml,Y
ml,ml,Y
ml,ml,Y
ml,ml,Y
ml,ml,Y
ml,ml,Y
ml,ml,Y
ml,ml,Y
ml,ml,Y
ml,ml,Y
ml,ml,Y
ml,ml,Y
ml,ml,Y
ml,ml,Y
ml,ml,Y
ml,ml,Y
ml,ml,Y
ml,ml,Y
ml,ml,Y
ml,ml,Y
ml,ml,Y
ml,ml,Y
ml,ml,Y
ml,ml,Y
ml,ml,Y
ml,ml,Y
ml,ml,Y
ml,ml,Y
ml,ml,Y
ml,ml,Y
ml,ml,Y
ml,ml,Y
ml,ml,Y
ml,ml,Y
ml,ml,Y
ml,ml,Y
ml,ml,Y
ml,ml,Y
ml,ml,Y
ml,ml,Y
ml,ml,Y
ml,ml,Y
ml,ml,Y
ml,ml,Y
ml,ml,Y
ml,ml,Y
ml,ml,Y
ml,ml,Y
ml,ml,Y
ml,ml,Y
ml,ml,Y
ml,ml,Y
ml,ml,Y
ml,ml,Y
ml,ml,Y
ml,ml,Y
ml,ml,Y
ml,ml,Y
ml,ml,Y
ml,ml,Y
ml,ml,Y
ml,ml,Y
ml,ml,Y
ml,ml,Y
ml,ml,Y
ml,ml,Y
ml,ml,Y
ml,ml,Y
ml,ml,Y
ml,ml,Y
ml,ml,Y
ml,ml,Y
ml,ml,Y
ml,ml,Y
ml,ml,Y
ml,ml,Y
ml,ml,Y
ml,ml,Y
ml,ml,Y
ml,ml,Y
ml,ml,Y
ml,ml,Y
ml,ml,Y
ml,ml,Y
ml,ml,Y
ml,ml,Y
ml,ml,Y
ml,ml,Y
ml,ml,Y
ml,ml,Y
ml,ml,Y
ml,ml,Y
ml,ml,Y
ml,ml,Y
ml,ml,Y
ml,ml,Y
ml,ml,Y
ml,ml,Y
ml,ml,Y
ml,ml,Y
ml,ml,Y
ml,ml,Y
ml,ml,Y
ml,ml,Y
ml,ml,Y
ml,ml,Y
ml,ml,Y
ml,ml,Y
ml,ml,Y
ml,ml,Y
ml,ml,Y
ml,ml,Y
ml,ml,Y
ml,ml,Y
ml,ml,Y
ml,ml,Y
ml,ml,Y
ml,ml,Y
ml,ml,Y
ml,ml,Y
ml,ml,Y
ml,ml,Y
ml,ml,Y
ml,ml,Y
ml,ml,Y
ml,ml,Y
ml,ml,Y
ml,ml,Y
ml,ml,Y
ml,ml,Y
ml,ml,Y
ml,ml,Y
ml,ml,Y
ml,ml,Y
ml,ml,Y
ml,ml,Y
ml,ml,Y
ml,ml,Y
ml,ml,Y
ml,ml,Y
ml,ml,Y
ml,ml,Y
ml,ml,Y
ml,ml,Y
ml,ml,Y
ml,ml,Y
ml,ml,Y
ml,ml,Y
ml,ml,Y
ml,ml,Y
ml,ml,Y
ml,ml,Y
ml,ml,Y
ml,ml,Y
ml,ml,Y
ml,ml,Y
ml,ml,Y
ml,ml,Y
ml,ml,Y
ml,ml,Y
ml,ml,Y
ml,ml,Y
ml,ml,Y
ml,ml,Y
ml,ml,Y
ml,ml,Y
ml,ml,Y
ml,ml,Y
ml,ml,Y
ml,ml,Y
ml,ml,Y
ml,ml,Y
ml,ml,Y
ml,ml,Y
ml,ml,Y
ml,ml,Y
ml,ml,Y
ml,ml,Y
ml,ml,Y
ml,ml,Y
ml,ml,Y
ml,ml,Y
ml,ml,Y
ml,ml,Y
ml,ml,Y
ml,ml,Y
ml,ml,Y
ml,ml,Y
ml,ml,Y
ml,ml,Y
ml,ml,Y
ml,ml,Y
ml,ml,Y
ml,ml,Y
ml,ml,Y
ml,ml,Y
ml,ml,Y
ml,ml,Y
ml,ml,Y
ml,ml,Y
ml,ml,Y
ml,ml,Y
ml,ml,Y
ml,ml,Y
ml,ml,Y
ml,ml,Y
ml,ml,Y
ml,ml,Y
ml,ml,Y
ml,ml,Y
ml,ml,Y
ml,ml,Y
ml,ml,Y
ml,ml,Y
ml,ml,Y
ml,ml,Y
ml,ml,Y
ml,ml,Y
ml,ml,Y
ml,ml,Y
ml,ml,Y
ml,ml,Y
ml,ml,Y
ml,ml,Y
ml,ml,Y
ml,ml,Y
ml,ml,Y
ml,ml,Y
ml,ml,Y
ml,ml,Y
ml,ml,Y
ml,ml,Y
ml,ml,Y
ml,ml,Y
ml,ml,Y
ml,ml,Y
ml,ml,Y
ml,ml,Y
ml,ml,Y
ml,ml,Y
ml,ml,Y
ml,ml,Y
ml,ml,Y
ml,ml,Y
ml,ml,Y
ml,ml,Y
ml,ml,Y
ml,ml,Y
ml,ml,Y
ml,ml,Y
ml,ml,Y
ml,ml,Y
ml,ml,Y
ml,ml,Y
ml,ml,Y
ml,ml,Y
ml,ml,Y
ml,ml,Y
ml,ml,Y
ml,ml,Y
ml,ml,Y
ml,ml,Y
ml,ml,Y
ml,ml,Y
ml,ml,Y
ml,ml,Y
ml,ml,Y
ml,ml,Y
ml,ml,Y
ml,ml,Y
ml,ml,Y
ml,ml,Y
ml,ml,Y
ml,ml,Y
ml,ml,Y
ml,ml,Y
ml,ml,Y
ml,ml,Y
ml,ml,Y
ml,ml,Y
ml,ml,Y
ml,ml,Y
ml,ml,Y
ml,ml,Y
ml,ml,Y
ml,ml,Y
ml,ml,Y
ml,ml,Y
ml,ml,Y
ml,ml,Y
ml,ml,Y
ml,ml,Y
ml,ml,Y
ml,ml,Y
ml,ml,Y
ml,ml,Y
ml,ml,Y
ml,ml,Y
ml,ml,Y
ml,ml,Y
ml,ml,Y
ml,ml,Y
ml,ml,Y
ml,ml,Y
ml,ml,Y
ml,ml,Y
ml,ml,Y
ml,ml,Y
ml,ml,Y
ml,ml,Y
ml,ml,Y
ml,ml,Y
ml,ml,Y
ml,ml,Y
ml,ml,Y
ml,ml,Y
ml,ml,Y
ml,ml,Y
ml,ml,Y
ml,ml,Y
ml,ml,Y
ml,ml,Y
ml,ml,Y
ml,ml,Y
ml,ml,Y
ml,ml,Y
ml,ml,Y
ml,ml,Y
ml,ml,Y
ml,ml,Y
ml,ml,Y
ml,ml,Y
ml,ml,Y
ml,ml,Y
ml,ml,Y
ml,ml,Y
ml,ml,Y
ml,ml,Y
ml,ml,Y
ml,ml,Y
ml,ml,Y
ml,ml,Y
ml,ml,Y
ml,ml,Y
ml,ml,Y
ml,ml,Y
ml,ml,Y
ml,ml,Y
ml,ml,Y
ml,ml,Y
ml,ml,Y
ml,ml,Y
ml,ml,Y
ml,ml,Y
ml,ml,Y
ml,ml,Y
ml,ml,Y
ml,ml,Y
ml,ml,Y
ml,ml,Y
ml,ml,Y
ml,ml,Y
ml,ml,Y
ml,ml,Y
ml,ml,Y
ml,ml,Y
ml,ml,Y
ml,ml,Y
ml,ml,Y
ml,ml,Y
ml,ml,Y
ml,ml,Y
ml,ml,Y
hi,hi,Y
hi,hi,Y
hi,hi,Y
hi,hi,Y
hi,hi,Y
hi,hi,Y
hi,hi,Y
hi,hi,Y
hi,hi,Y
hi,hi,Y
hi,hi,Y
hi,hi,Y
hi,hi,Y
hi,hi,Y
hi,hi,Y
hi,hi,Y
hi,hi,Y
hi,hi,Y
hi,hi,Y
hi,hi,Y
hi,hi,Y
hi,hi,Y
hi,hi,Y
hi,hi,Y
hi,hi,Y
hi,hi,Y
hi,hi,Y
hi,hi,Y
hi,hi,Y
hi,hi,Y
hi,hi,Y
hi,hi,Y
hi,hi,Y
hi,hi,Y
hi,hi,Y
hi,hi,Y
hi,hi,Y
hi,hi,Y
hi,hi,Y
hi,hi,Y
hi,hi,Y
hi,hi,Y
hi,hi,Y
hi,hi,Y
hi,hi,Y
hi,hi,Y
hi,hi,Y
hi,hi,Y
hi,hi,Y
hi,hi,Y
hi,hi,Y
hi,hi,Y
hi,hi,Y
hi,hi,Y
hi,hi,Y
hi,hi,Y
hi,hi,Y
hi,hi,Y
hi,hi,Y
hi,hi,Y
hi,mr,N
hi,hi,Y
hi,hi,Y
ta,ta,Y
ta,ta,Y
ta,ta,Y
ta,ta,Y
ta,ta,Y
ta,ta,Y
ta,ta,Y
ta,ta,Y
ta,ta,Y
ta,ta,Y
ta,ta,Y
ta,ta,Y
ta,ta,Y
ta,ta,Y
ta,ta,Y
ta,ta,Y
ta,ta,Y
ta,ta,Y
ta,ta,Y
ta,ta,Y
ta,ta,Y
ta,ta,Y
ta,ta,Y
ta,ta,Y
ta,ta,Y
ta,ta,Y
ta,ta,Y
ta,ta,Y
ta,ta,Y
ta,ta,Y
ta,ta,Y
ta,ta,Y
ta,ta,Y
ta,ta,Y
ta,ta,Y
ta,ta,Y
ta,ta,Y
ta,ta,Y
ta,ta,Y
ta,ta,Y
ta,ta,Y
ta,ta,Y
ta,ta,Y
ta,ta,Y
ta,ta,Y
ta,ta,Y
ta,ta,Y
ta,ta,Y
ta,ta,Y
ta,ta,Y
ta,ta,Y
ta,ta,Y
ta,ta,Y
ta,ta,Y
ta,ta,Y
ta,ta,Y
ta,ta,Y
ta,ta,Y
ta,ta,Y
ta,ta,Y
ta,ta,Y
ta,ta,Y
ta,ta,Y
ta,ta,Y
ta,ta,Y
ta,ta,Y
ta,ta,Y
ta,ta,Y
ta,ta,Y
ta,ta,Y
ta,ta,Y
ta,ta,Y
ta,ta,Y
ta,ta,Y
ta,ta,Y
ta,ta,Y
ta,ta,Y
ta,ta,Y
ta,ta,Y
ta,ta,Y
ta,ta,Y
ta,ta,Y
ta,ta,Y
ta,ta,Y
ta,ta,Y
ta,ta,Y
ta,ta,Y
ta,ta,Y
ta,ta,Y
ta,ta,Y
ta,ta,Y
ta,ta,Y
ta,ta,Y
ta,ta,Y
ta,ta,Y
ta,ta,Y
ta,ta,Y
ta,ta,Y
ta,ta,Y
ta,ta,Y
ta,ta,Y
ta,ta,Y
ta,ta,Y
ta,ta,Y
ta,ta,Y
ta,ta,Y
ta,ta,Y
ta,ta,Y
ta,ta,Y
ta,ta,Y
ta,ta,Y
ta,ta,Y
ta,ta,Y
ta,ta,Y
ta,ta,Y
ta,ta,Y
ta,ta,Y
ta,ta,Y
ta,ta,Y
ta,ta,Y
ta,ta,Y
ta,ta,Y
ta,ta,Y
ta,ta,Y
ta,ta,Y
ta,ta,Y
ta,ta,Y
ta,ta,Y
ta,ta,Y
ta,ta,Y
ta,ta,Y
ta,ta,Y
ta,ta,Y
ta,ta,Y
ta,ta,Y
ta,ta,Y
ta,ta,Y
ta,ta,Y
ta,ta,Y
ta,ta,Y
ta,ta,Y
ta,ta,Y
ta,ta,Y
ta,ta,Y
ta,ta,Y
ta,ta,Y
ta,ta,Y
ta,ta,Y
ta,ta,Y
ta,ta,Y
ta,ta,Y
ta,ta,Y
ta,ta,Y
ta,ta,Y
ta,ta,Y
ta,ta,Y
ta,ta,Y
ta,ta,Y
ta,ta,Y
ta,ta,Y
ta,ta,Y
ta,ta,Y
ta,ta,Y
ta,ta,Y
ta,ta,Y
ta,ta,Y
ta,ta,Y
ta,ta,Y
ta,ta,Y
ta,ta,Y
ta,ta,Y
ta,ta,Y
ta,ta,Y
ta,ta,Y
ta,ta,Y
ta,ta,Y
ta,ta,Y
ta,ta,Y
ta,ta,Y
ta,ta,Y
ta,ta,Y
ta,ta,Y
ta,ta,Y
ta,ta,Y
ta,ta,Y
ta,ta,Y
ta,ta,Y
ta,ta,Y
ta,ta,Y
ta,ta,Y
ta,ta,Y
ta,ta,Y
ta,ta,Y
ta,ta,Y
ta,ta,Y
ta,ta,Y
ta,ta,Y
ta,ta,Y
ta,ta,Y
ta,ta,Y
ta,ta,Y
ta,ta,Y
ta,ta,Y
ta,ta,Y
ta,ta,Y
ta,ta,Y
ta,ta,Y
ta,ta,Y
ta,ta,Y
ta,ta,Y
ta,ta,Y
ta,ta,Y
ta,ta,Y
ta,ta,Y
ta,ta,Y
ta,ta,Y
ta,ta,Y
ta,ta,Y
ta,ta,Y
ta,ta,Y
ta,ta,Y
ta,ta,Y
ta,ta,Y
ta,ta,Y
ta,ta,Y
ta,ta,Y
ta,ta,Y
ta,ta,Y
ta,ta,Y
ta,ta,Y
ta,ta,Y
ta,ta,Y
ta,ta,Y
ta,ta,Y
ta,ta,Y
ta,ta,Y
ta,ta,Y
ta,ta,Y
ta,ta,Y
ta,ta,Y
ta,ta,Y
ta,ta,Y
ta,ta,Y
ta,ta,Y
ta,ta,Y
ta,ta,Y
ta,ta,Y
ta,ta,Y
ta,ta,Y
ta,ta,Y
ta,ta,Y
ta,ta,Y
ta,ta,Y
ta,ta,Y
ta,ta,Y
ta,ta,Y
ta,ta,Y
ta,ta,Y
ta,ta,Y
ta,ta,Y
ta,ta,Y
ta,ta,Y
ta,ta,Y
ta,ta,Y
ta,ta,Y
ta,ta,Y
ta,ta,Y
ta,ta,Y
ta,ta,Y
ta,ta,Y
ta,ta,Y
ta,ta,Y
ta,ta,Y
ta,ta,Y
ta,ta,Y
ta,ta,Y
ta,ta,Y
ta,ta,Y
ta,ta,Y
ta,ta,Y
ta,ta,Y
ta,ta,Y
ta,ta,Y
ta,ta,Y
ta,ta,Y
ta,ta,Y
ta,ta,Y
ta,ta,Y
ta,ta,Y
ta,ta,Y
ta,ta,Y
ta,ta,Y
ta,ta,Y
ta,ta,Y
ta,ta,Y
ta,ta,Y
ta,ta,Y
ta,ta,Y
ta,ta,Y
ta,ta,Y
ta,ta,Y
ta,ta,Y
ta,ta,Y
ta,ta,Y
ta,ta,Y
ta,ta,Y
ta,ta,Y
ta,ta,Y
ta,ta,Y
ta,ta,Y
ta,ta,Y
ta,ta,Y
ta,ta,Y
ta,ta,Y
ta,ta,Y
ta,ta,Y
ta,ta,Y
ta,ta,Y
ta,ta,Y
ta,ta,Y
ta,ta,Y
ta,ta,Y
ta,ta,Y
ta,ta,Y
ta,ta,Y
ta,ta,Y
ta,ta,Y
ta,ta,Y
ta,ta,Y
ta,ta,Y
ta,ta,Y
ta,ta,Y
ta,ta,Y
ta,ta,Y
ta,ta,Y
ta,ta,Y
ta,ta,Y
ta,ta,Y
ta,ta,Y
ta,ta,Y
ta,ta,Y
ta,ta,Y
ta,ta,Y
ta,ta,Y
ta,ta,Y
ta,ta,Y
ta,ta,Y
ta,ta,Y
ta,ta,Y
ta,ta,Y
ta,ta,Y
ta,ta,Y
ta,ta,Y
ta,ta,Y
ta,ta,Y
ta,ta,Y
ta,ta,Y
ta,ta,Y
ta,ta,Y
ta,ta,Y
ta,ta,Y
ta,ta,Y
ta,ta,Y
ta,ta,Y
ta,ta,Y
ta,ta,Y
ta,ta,Y
ta,ta,Y
ta,ta,Y
ta,ta,Y
ta,ta,Y
ta,ta,Y
ta,ta,Y
ta,ta,Y
ta,ta,Y
ta,ta,Y
ta,ta,Y
ta,ta,Y
ta,ta,Y
ta,ta,Y
ta,ta,Y
ta,ta,Y
ta,ta,Y
ta,ta,Y
ta,ta,Y
ta,ta,Y
ta,ta,Y
ta,ta,Y
ta,ta,Y
ta,ta,Y
ta,ta,Y
ta,ta,Y
ta,ta,Y
ta,ta,Y
ta,ta,Y
ta,ta,Y
ta,ta,Y
ta,ta,Y
ta,ta,Y
ta,ta,Y
ta,ta,Y
ta,ta,Y
ta,ta,Y
ta,ta,Y
ta,ta,Y
ta,ta,Y
ta,ta,Y
ta,ta,Y
ta,ta,Y
ta,ta,Y
ta,ta,Y
ta,ta,Y
ta,ta,Y
ta,ta,Y
ta,ta,Y
ta,ta,Y
ta,ta,Y
ta,ta,Y
ta,ta,Y
ta,ta,Y
ta,ta,Y
ta,ta,Y
ta,ta,Y
ta,ta,Y
ta,ta,Y
ta,ta,Y
ta,ta,Y
ta,ta,Y
ta,ta,Y
ta,ta,Y
ta,ta,Y
ta,ta,Y
ta,ta,Y
ta,ta,Y
ta,ta,Y
ta,ta,Y
ta,ta,Y
ta,ta,Y
ta,ta,Y
ta,ta,Y
ta,ta,Y
ta,ta,Y
ta,ta,Y
ta,ta,Y
ta,ta,Y
ta,ta,Y
ta,ta,Y
ta,ta,Y
ta,ta,Y
ta,ta,Y
ta,ta,Y
ta,ta,Y
ta,ta,Y
ta,ta,Y
ta,ta,Y
ta,ta,Y
ta,ta,Y
ta,ta,Y
ta,ta,Y
ta,ta,Y
ta,ta,Y
ta,ta,Y
ta,ta,Y
ta,ta,Y
ta,ta,Y
ta,ta,Y
ta,ta,Y
ta,ta,Y
ta,ta,Y
pt,pt,Y
pt,pt,Y
pt,pt,Y
pt,pt,Y
pt,pt,Y
pt,pt,Y
pt,pt,Y
pt,pt,Y
pt,pt,Y
pt,pt,Y
pt,pt,Y
pt,pt,Y
pt,pt,Y
pt,pt,Y
pt,pt,Y
pt,pt,Y
pt,pt,Y
pt,pt,Y
pt,pt,Y
pt,pt,Y
pt,pt,Y
pt,pt,Y
pt,pt,Y
pt,pt,Y
pt,pt,Y
pt,pt,Y
pt,pt,Y
pt,pt,Y
pt,pt,Y
pt,pt,Y
pt,pt,Y
pt,pt,Y
pt,pt,Y
pt,pt,Y
pt,pt,Y
pt,en,N
pt,pt,Y
pt,pt,Y
pt,pt,Y
pt,pt,Y
pt,pt,Y
pt,pt,Y
pt,pt,Y
pt,pt,Y
pt,pt,Y
pt,pt,Y
pt,pt,Y
pt,pt,Y
pt,pt,Y
pt,pt,Y
pt,pt,Y
pt,pt,Y
pt,pt,Y
pt,pt,Y
pt,pt,Y
pt,pt,Y
pt,pt,Y
pt,pt,Y
pt,pt,Y
pt,pt,Y
pt,pt,Y
pt,pt,Y
pt,pt,Y
pt,pt,Y
pt,pt,Y
pt,pt,Y
pt,pt,Y
pt,pt,Y
pt,pt,Y
pt,pt,Y
pt,pt,Y
pt,pt,Y
pt,pt,Y
pt,pt,Y
pt,pt,Y
pt,pt,Y
pt,pt,Y
pt,pt,Y
pt,pt,Y
pt,pt,Y
pt,pt,Y
pt,pt,Y
pt,pt,Y
pt,pt,Y
pt,pt,Y
pt,pt,Y
pt,pt,Y
pt,pt,Y
pt,pt,Y
pt,pt,Y
pt,pt,Y
pt,pt,Y
pt,pt,Y
pt,pt,Y
pt,pt,Y
pt,pt,Y
pt,pt,Y
pt,pt,Y
pt,pt,Y
pt,pt,Y
pt,pt,Y
pt,pt,Y
pt,pt,Y
pt,pt,Y
pt,pt,Y
pt,pt,Y
pt,pt,Y
pt,pt,Y
pt,pt,Y
pt,pt,Y
pt,pt,Y
pt,pt,Y
pt,pt,Y
pt,pt,Y
pt,pt,Y
pt,pt,Y
pt,pt,Y
pt,pt,Y
pt,pt,Y
pt,pt,Y
pt,pt,Y
pt,pt,Y
pt,pt,Y
pt,pt,Y
pt,pt,Y
pt,pt,Y
pt,pt,Y
pt,pt,Y
pt,pt,Y
pt,pt,Y
pt,pt,Y
pt,pt,Y
pt,pt,Y
pt,pt,Y
pt,pt,Y
pt,pt,Y
pt,pt,Y
pt,pt,Y
pt,pt,Y
pt,pt,Y
pt,pt,Y
pt,pt,Y
pt,pt,Y
pt,pt,Y
pt,pt,Y
pt,pt,Y
pt,pt,Y
pt,pt,Y
pt,pt,Y
pt,pt,Y
pt,pt,Y
pt,pt,Y
pt,pt,Y
pt,pt,Y
pt,pt,Y
pt,pt,Y
pt,pt,Y
pt,pt,Y
pt,pt,Y
pt,pt,Y
pt,pt,Y
pt,pt,Y
pt,pt,Y
pt,pt,Y
pt,pt,Y
pt,pt,Y
pt,pt,Y
pt,pt,Y
pt,pt,Y
pt,pt,Y
pt,pt,Y
pt,pt,Y
pt,pt,Y
pt,pt,Y
pt,pt,Y
pt,pt,Y
pt,pt,Y
pt,pt,Y
pt,pt,Y
pt,pt,Y
pt,pt,Y
pt,pt,Y
pt,pt,Y
pt,pt,Y
pt,pt,Y
pt,pt,Y
pt,pt,Y
pt,pt,Y
pt,pt,Y
pt,pt,Y
pt,pt,Y
pt,pt,Y
pt,pt,Y
pt,pt,Y
pt,pt,Y
pt,pt,Y
pt,pt,Y
pt,pt,Y
pt,pt,Y
pt,pt,Y
pt,pt,Y
pt,pt,Y
pt,pt,Y
pt,pt,Y
pt,pt,Y
pt,pt,Y
pt,pt,Y
pt,pt,Y
pt,pt,Y
pt,pt,Y
pt,pt,Y
pt,pt,Y
pt,pt,Y
pt,pt,Y
pt,pt,Y
pt,pt,Y
pt,pt,Y
pt,pt,Y
pt,pt,Y
pt,pt,Y
pt,pt,Y
pt,pt,Y
pt,pt,Y
pt,pt,Y
pt,pt,Y
pt,pt,Y
pt,pt,Y
pt,pt,Y
pt,pt,Y
pt,pt,Y
pt,pt,Y
pt,pt,Y
pt,pt,Y
pt,pt,Y
pt,pt,Y
pt,pt,Y
pt,pt,Y
pt,pt,Y
pt,pt,Y
pt,pt,Y
pt,pt,Y
pt,pt,Y
pt,pt,Y
pt,pt,Y
pt,pt,Y
pt,pt,Y
pt,pt,Y
pt,pt,Y
pt,pt,Y
pt,pt,Y
pt,pt,Y
pt,pt,Y
pt,pt,Y
pt,pt,Y
pt,pt,Y
pt,pt,Y
pt,pt,Y
pt,pt,Y
pt,pt,Y
pt,pt,Y
pt,pt,Y
pt,pt,Y
pt,pt,Y
pt,pt,Y
pt,pt,Y
pt,pt,Y
pt,pt,Y
pt,pt,Y
pt,pt,Y
pt,pt,Y
pt,pt,Y
pt,pt,Y
pt,pt,Y
pt,pt,Y
pt,pt,Y
pt,pt,Y
pt,pt,Y
pt,pt,Y
pt,pt,Y
pt,pt,Y
pt,pt,Y
pt,pt,Y
pt,pt,Y
pt,pt,Y
pt,pt,Y
pt,pt,Y
pt,pt,Y
pt,pt,Y
pt,pt,Y
pt,pt,Y
pt,pt,Y
pt,pt,Y
pt,pt,Y
pt,pt,Y
pt,pt,Y
pt,pt,Y
pt,pt,Y
pt,pt,Y
pt,pt,Y
pt,pt,Y
pt,pt,Y
pt,pt,Y
pt,pt,Y
pt,pt,Y
pt,pt,Y
pt,pt,Y
pt,pt,Y
pt,pt,Y
pt,pt,Y
pt,pt,Y
pt,pt,Y
pt,pt,Y
pt,pt,Y
pt,pt,Y
pt,pt,Y
pt,pt,Y
pt,pt,Y
pt,pt,Y
pt,pt,Y
pt,pt,Y
pt,pt,Y
pt,pt,Y
pt,pt,Y
pt,pt,Y
pt,pt,Y
pt,pt,Y
pt,pt,Y
pt,pt,Y
pt,pt,Y
pt,pt,Y
pt,pt,Y
pt,pt,Y
pt,pt,Y
pt,pt,Y
pt,pt,Y
pt,pt,Y
pt,pt,Y
pt,pt,Y
pt,pt,Y
pt,pt,Y
pt,pt,Y
pt,pt,Y
pt,pt,Y
pt,pt,Y
pt,pt,Y
pt,pt,Y
pt,pt,Y
pt,pt,Y
pt,pt,Y
pt,pt,Y
pt,pt,Y
pt,pt,Y
pt,pt,Y
pt,pt,Y
pt,pt,Y
pt,pt,Y
pt,pt,Y
pt,pt,Y
pt,pt,Y
pt,pt,Y
pt,pt,Y
pt,pt,Y
pt,pt,Y
pt,pt,Y
pt,pt,Y
pt,pt,Y
pt,pt,Y
pt,pt,Y
pt,pt,Y
pt,pt,Y
pt,pt,Y
pt,pt,Y
pt,pt,Y
pt,pt,Y
pt,pt,Y
pt,pt,Y
pt,pt,Y
pt,pt,Y
pt,pt,Y
pt,pt,Y
pt,pt,Y
pt,pt,Y
pt,pt,Y
pt,pt,Y
pt,pt,Y
pt,pt,Y
pt,pt,Y
pt,pt,Y
pt,pt,Y
pt,pt,Y
pt,pt,Y
pt,pt,Y
pt,pt,Y
pt,pt,Y
pt,ca,N
pt,pt,Y
pt,pt,Y
pt,pt,Y
pt,pt,Y
pt,pt,Y
pt,pt,Y
pt,pt,Y
pt,pt,Y
pt,pt,Y
pt,pt,Y
pt,pt,Y
pt,pt,Y
pt,pt,Y
pt,pt,Y
pt,pt,Y
pt,pt,Y
pt,pt,Y
pt,pt,Y
pt,pt,Y
pt,pt,Y
pt,pt,Y
pt,pt,Y
pt,pt,Y
pt,pt,Y
pt,pt,Y
pt,pt,Y
pt,pt,Y
pt,pt,Y
pt,pt,Y
pt,pt,Y
pt,pt,Y
pt,pt,Y
pt,pt,Y
pt,pt,Y
pt,pt,Y
pt,pt,Y
pt,pt,Y
pt,pt,Y
pt,pt,Y
pt,es,N
pt,pt,Y
pt,pt,Y
pt,pt,Y
pt,pt,Y
pt,pt,Y
pt,pt,Y
pt,pt,Y
pt,pt,Y
pt,pt,Y
pt,pt,Y
pt,pt,Y
pt,pt,Y
pt,pt,Y
pt,pt,Y
pt,pt,Y
pt,pt,Y
pt,pt,Y
pt,pt,Y
pt,pt,Y
pt,pt,Y
pt,pt,Y
pt,pt,Y
pt,pt,Y
pt,pt,Y
pt,pt,Y
pt,pt,Y
pt,pt,Y
pt,pt,Y
pt,pt,Y
pt,pt,Y
pt,pt,Y
pt,pt,Y
pt,pt,Y
pt,pt,Y
pt,pt,Y
pt,pt,Y
pt,pt,Y
pt,pt,Y
pt,pt,Y
pt,pt,Y
pt,pt,Y
pt,pt,Y
pt,pt,Y
pt,pt,Y
pt,pt,Y
pt,pt,Y
pt,pt,Y
pt,pt,Y
pt,pt,Y
pt,it,N
pt,pt,Y
pt,pt,Y
pt,pt,Y
pt,pt,Y
pt,de,N
pt,pt,Y
pt,sl,N
pt,it,N
pt,pt,Y
pt,pt,Y
pt,pt,Y
pt,pt,Y
pt,pt,Y
pt,pt,Y
pt,pt,Y
pt,pt,Y
pt,pt,Y
pt,pt,Y
pt,pt,Y
pt,pt,Y
pt,pt,Y
pt,pt,Y
pt,es,N
pt,pt,Y
pt,pt,Y
pt,pt,Y
pt,pt,Y
pt,pt,Y
pt,pt,Y
pt,pt,Y
pt,pt,Y
pt,pt,Y
pt,pt,Y
pt,pt,Y
pt,pt,Y
pt,pt,Y
pt,pt,Y
pt,pt,Y
pt,lt,N
pt,pt,Y
pt,pt,Y
pt,pt,Y
pt,pt,Y
pt,pt,Y
pt,pt,Y
pt,pt,Y
pt,pt,Y
pt,pt,Y
pt,de,N
pt,pt,Y
pt,pt,Y
pt,pt,Y
pt,pt,Y
pt,pt,Y
pt,pt,Y
pt,es,N
pt,pt,Y
pt,pt,Y
pt,pt,Y
pt,pt,Y
pt,pt,Y
pt,sk,N
pt,pt,Y
pt,cy,N
pt,it,N
pt,pt,Y
pt,pt,Y
pt,pt,Y
pt,pt,Y
pt,pt,Y
pt,pt,Y
pt,pt,Y
pt,pt,Y
pt,pt,Y
pt,pt,Y
pt,lt,N
pt,es,N
pt,pt,Y
pt,pt,Y
pt,pt,Y
pt,pt,Y
pt,pt,Y
pt,pt,Y
pt,pt,Y
pt,pt,Y
pt,pt,Y
pt,pt,Y
pt,pt,Y
pt,pt,Y
pt,pt,Y
pt,pt,Y
pt,pt,Y
pt,pt,Y
pt,pt,Y
pt,pt,Y
pt,pt,Y
pt,pt,Y
pt,pt,Y
pt,it,N
pt,pt,Y
pt,pt,Y
pt,pt,Y
pt,pt,Y
pt,pt,Y
pt,nl,N
pt,pt,Y
pt,pt,Y
pt,pt,Y
pt,pt,Y
pt,pt,Y
pt,pt,Y
pt,pt,Y
pt,pt,Y
pt,pt,Y
pt,sq,N
pt,et,N
pt,pt,Y
pt,pt,Y
pt,pt,Y
pt,pt,Y
pt,pt,Y
pt,pt,Y
pt,pt,Y
pt,ca,N
pt,pt,Y
pt,pt,Y
pt,pt,Y
pt,pt,Y
pt,pt,Y
pt,pt,Y
pt,pt,Y
pt,pt,Y
pt,es,N
pt,es,N
pt,pt,Y
pt,pt,Y
pt,pt,Y
pt,fr,N
pt,pt,Y
pt,ca,N
pt,pt,Y
pt,et,N
pt,pt,Y
pt,pt,Y
pt,en,N
pt,pt,Y
pt,pt,Y
pt,pt,Y
pt,pt,Y
pt,pt,Y
pt,pt,Y
pt,pt,Y
pt,pt,Y
pt,pt,Y
pt,pt,Y
pt,pt,Y
pt,pt,Y
pt,pt,Y
pt,pt,Y
pt,pt,Y
pt,pt,Y
pt,pt,Y
pt,pt,Y
pt,pt,Y
pt,pt,Y
pt,pt,Y
pt,pt,Y
pt,pt,Y
pt,pt,Y
pt,pt,Y
pt,pt,Y
pt,pt,Y
pt,ro,N
pt,pt,Y
pt,pt,Y
pt,en,N
pt,pt,Y
pt,pt,Y
pt,pt,Y
pt,pt,Y
pt,pt,Y
pt,pt,Y
pt,pt,Y
pt,pt,Y
pt,pt,Y
pt,pt,Y
pt,pt,Y
pt,pt,Y
pt,pt,Y
pt,pt,Y
pt,pt,Y
pt,sk,N
pt,pt,Y
pt,pt,Y
pt,pt,Y
pt,pt,Y
pt,pt,Y
pt,pt,Y
pt,pt,Y
pt,pt,Y
pt,pt,Y
pt,pt,Y
pt,pt,Y
pt,pt,Y
pt,pt,Y
pt,pt,Y
pt,pt,Y
pt,pt,Y
pt,pt,Y
pt,pt,Y
pt,pt,Y
pt,pt,Y
pt,pt,Y
pt,pt,Y
pt,pt,Y
pt,pt,Y
pt,pt,Y
pt,pt,Y
pt,pt,Y
pt,pt,Y
pt,pt,Y
pt,pt,Y
pt,pt,Y
pt,pt,Y
pt,pt,Y
pt,pt,Y
pt,pt,Y
pt,pt,Y
pt,pt,Y
pt,pt,Y
pt,pt,Y
pt,pt,Y
pt,pt,Y
pt,pt,Y
pt,pt,Y
pt,pt,Y
pt,pt,Y
pt,pt,Y
pt,pt,Y
pt,pt,Y
pt,pt,Y
pt,pt,Y
pt,pt,Y
pt,pt,Y
pt,pt,Y
pt,pt,Y
pt,pt,Y
pt,pt,Y
pt,pt,Y
pt,pt,Y
pt,pt,Y
pt,pt,Y
pt,pt,Y
pt,pt,Y
fr,fr,Y
fr,fr,Y
fr,fr,Y
fr,fr,Y
fr,fr,Y
fr,fr,Y
fr,fr,Y
fr,fr,Y
fr,fr,Y
fr,fr,Y
fr,fr,Y
fr,fr,Y
fr,fr,Y
fr,fr,Y
fr,fr,Y
fr,fr,Y
fr,fr,Y
fr,fr,Y
fr,fr,Y
fr,fr,Y
fr,fr,Y
fr,fr,Y
fr,fr,Y
fr,fr,Y
fr,fr,Y
fr,fr,Y
fr,fr,Y
fr,fr,Y
fr,fr,Y
fr,fr,Y
fr,fr,Y
fr,fr,Y
fr,fr,Y
fr,fr,Y
fr,fr,Y
fr,fr,Y
fr,fr,Y
fr,fr,Y
fr,fr,Y
fr,fr,Y
fr,fr,Y
fr,fr,Y
fr,fr,Y
fr,fr,Y
fr,fr,Y
fr,fr,Y
fr,fr,Y
fr,fr,Y
fr,fr,Y
fr,fr,Y
fr,fr,Y
fr,fr,Y
fr,fr,Y
fr,fr,Y
fr,fr,Y
fr,fr,Y
fr,fr,Y
fr,fr,Y
fr,fr,Y
fr,fr,Y
fr,fr,Y
fr,fr,Y
fr,fr,Y
fr,fr,Y
fr,fr,Y
fr,fr,Y
fr,fr,Y
fr,fr,Y
fr,fr,Y
fr,fr,Y
fr,fr,Y
fr,fr,Y
fr,fr,Y
fr,fr,Y
fr,fr,Y
fr,fr,Y
fr,fr,Y
fr,fr,Y
fr,fr,Y
fr,fr,Y
fr,fr,Y
fr,fr,Y
fr,fr,Y
fr,fr,Y
fr,fr,Y
fr,fr,Y
fr,fr,Y
fr,fr,Y
fr,fr,Y
fr,fr,Y
fr,fr,Y
fr,fr,Y
fr,fr,Y
fr,fr,Y
fr,fr,Y
fr,fr,Y
fr,fr,Y
fr,fr,Y
fr,fr,Y
fr,fr,Y
fr,fr,Y
fr,fr,Y
fr,fr,Y
fr,fr,Y
fr,fr,Y
fr,fr,Y
fr,fr,Y
fr,fr,Y
fr,fr,Y
fr,fr,Y
fr,fr,Y
fr,fr,Y
fr,fr,Y
fr,fr,Y
fr,fr,Y
fr,fr,Y
fr,fr,Y
fr,fr,Y
fr,fr,Y
fr,fr,Y
fr,fr,Y
fr,fr,Y
fr,fr,Y
fr,fr,Y
fr,fr,Y
fr,fr,Y
fr,fr,Y
fr,fr,Y
fr,fr,Y
fr,fr,Y
fr,fr,Y
fr,fr,Y
fr,fr,Y
fr,fr,Y
fr,fr,Y
fr,fr,Y
fr,fr,Y
fr,fr,Y
fr,fr,Y
fr,fr,Y
fr,fr,Y
fr,fr,Y
fr,fr,Y
fr,fr,Y
fr,fr,Y
fr,fr,Y
fr,fr,Y
fr,fr,Y
fr,fr,Y
fr,fr,Y
fr,fr,Y
fr,fr,Y
fr,fr,Y
fr,fr,Y
fr,fr,Y
fr,fr,Y
fr,fr,Y
fr,fr,Y
fr,fr,Y
fr,fr,Y
fr,fr,Y
fr,fr,Y
fr,fr,Y
fr,fr,Y
fr,fr,Y
fr,fr,Y
fr,fr,Y
fr,fr,Y
fr,fr,Y
fr,fr,Y
fr,fr,Y
fr,fr,Y
fr,fr,Y
fr,fr,Y
fr,fr,Y
fr,fr,Y
fr,fr,Y
fr,fr,Y
fr,fr,Y
fr,fr,Y
fr,fr,Y
fr,fr,Y
fr,fr,Y
fr,fr,Y
fr,fr,Y
fr,fr,Y
fr,fr,Y
fr,fr,Y
fr,fr,Y
fr,fr,Y
fr,fr,Y
fr,fr,Y
fr,fr,Y
fr,fr,Y
fr,fr,Y
fr,fr,Y
fr,fr,Y
fr,fr,Y
fr,fr,Y
fr,fr,Y
fr,fr,Y
fr,fr,Y
fr,fr,Y
fr,fr,Y
fr,fr,Y
fr,fr,Y
fr,fr,Y
fr,fr,Y
fr,fr,Y
fr,fr,Y
fr,fr,Y
fr,fr,Y
fr,fr,Y
fr,fr,Y
fr,fr,Y
fr,fr,Y
fr,fr,Y
fr,fr,Y
fr,fr,Y
fr,fr,Y
fr,fr,Y
fr,fr,Y
fr,fr,Y
fr,fr,Y
fr,fr,Y
fr,fr,Y
fr,fr,Y
fr,fr,Y
fr,fr,Y
fr,fr,Y
fr,fr,Y
fr,fr,Y
fr,fr,Y
fr,fr,Y
fr,fr,Y
fr,fr,Y
fr,fr,Y
fr,fr,Y
fr,fr,Y
fr,fr,Y
fr,fr,Y
fr,fr,Y
fr,fr,Y
fr,fr,Y
fr,fr,Y
fr,fr,Y
fr,fr,Y
fr,fr,Y
fr,fr,Y
fr,fr,Y
fr,fr,Y
fr,fr,Y
fr,fr,Y
fr,fr,Y
fr,fr,Y
fr,fr,Y
fr,fr,Y
fr,fr,Y
fr,fr,Y
fr,fr,Y
fr,fr,Y
fr,fr,Y
fr,fr,Y
fr,fr,Y
fr,fr,Y
fr,fr,Y
fr,fr,Y
fr,fr,Y
fr,fr,Y
fr,fr,Y
fr,fr,Y
fr,fr,Y
fr,fr,Y
fr,fr,Y
fr,fr,Y
fr,fr,Y
fr,fr,Y
fr,fr,Y
fr,fr,Y
fr,fr,Y
fr,fr,Y
fr,fr,Y
fr,fr,Y
fr,fr,Y
fr,fr,Y
fr,fr,Y
fr,fr,Y
fr,fr,Y
fr,fr,Y
fr,fr,Y
fr,fr,Y
fr,fr,Y
fr,fr,Y
fr,fr,Y
fr,fr,Y
fr,fr,Y
fr,fr,Y
fr,fr,Y
fr,fr,Y
fr,fr,Y
fr,fr,Y
fr,fr,Y
fr,fr,Y
fr,fr,Y
fr,fr,Y
fr,fr,Y
fr,fr,Y
fr,fr,Y
fr,fr,Y
fr,fr,Y
fr,fr,Y
fr,fr,Y
fr,fr,Y
fr,fr,Y
fr,fr,Y
fr,fr,Y
fr,fr,Y
fr,fr,Y
fr,fr,Y
fr,fr,Y
fr,fr,Y
fr,fr,Y
fr,fr,Y
fr,fr,Y
fr,fr,Y
fr,fr,Y
fr,fr,Y
fr,fr,Y
fr,fr,Y
fr,fr,Y
fr,fr,Y
fr,fr,Y
fr,fr,Y
fr,fr,Y
fr,fr,Y
fr,fr,Y
fr,fr,Y
fr,fr,Y
fr,fr,Y
fr,fr,Y
fr,fr,Y
fr,fr,Y
fr,fr,Y
fr,fr,Y
fr,fr,Y
fr,fr,Y
fr,fr,Y
fr,fr,Y
fr,fr,Y
fr,fr,Y
fr,fr,Y
fr,fr,Y
fr,fr,Y
fr,fr,Y
fr,fr,Y
fr,fr,Y
fr,fr,Y
fr,fr,Y
fr,fr,Y
fr,fr,Y
fr,fr,Y
fr,fr,Y
fr,fr,Y
fr,fr,Y
fr,fr,Y
fr,fr,Y
fr,fr,Y
fr,fr,Y
fr,fr,Y
fr,fr,Y
fr,fr,Y
fr,fr,Y
fr,fr,Y
fr,fr,Y
fr,fr,Y
fr,fr,Y
fr,fr,Y
fr,fr,Y
fr,fr,Y
fr,fr,Y
fr,fr,Y
fr,fr,Y
fr,fr,Y
fr,fr,Y
fr,fr,Y
fr,fr,Y
fr,fr,Y
fr,fr,Y
fr,fr,Y
fr,fr,Y
fr,fr,Y
fr,fr,Y
fr,fr,Y
fr,fr,Y
fr,fr,Y
fr,fr,Y
fr,fr,Y
fr,fr,Y
fr,fr,Y
fr,fr,Y
fr,fr,Y
fr,fr,Y
fr,fr,Y
fr,fr,Y
fr,fr,Y
fr,fr,Y
fr,fr,Y
fr,fr,Y
fr,fr,Y
fr,fr,Y
fr,fr,Y
fr,fr,Y
fr,fr,Y
fr,fr,Y
fr,fr,Y
fr,fr,Y
fr,fr,Y
fr,fr,Y
fr,fr,Y
fr,fr,Y
fr,fr,Y
fr,fr,Y
fr,fr,Y
fr,fr,Y
fr,fr,Y
fr,fr,Y
fr,fr,Y
fr,fr,Y
fr,fr,Y
fr,fr,Y
fr,fr,Y
fr,fr,Y
fr,fr,Y
fr,fr,Y
fr,it,N
fr,fr,Y
fr,fr,Y
fr,fr,Y
fr,fr,Y
fr,fr,Y
fr,fr,Y
fr,fr,Y
fr,fr,Y
fr,fr,Y
fr,fr,Y
fr,fr,Y
fr,fr,Y
fr,fr,Y
fr,fr,Y
fr,fr,Y
fr,fr,Y
fr,fr,Y
fr,fr,Y
fr,fr,Y
fr,fr,Y
fr,fr,Y
fr,fr,Y
fr,fr,Y
fr,fr,Y
fr,fr,Y
fr,fr,Y
fr,fr,Y
fr,fr,Y
fr,fr,Y
fr,fr,Y
fr,fr,Y
fr,fr,Y
fr,fr,Y
fr,fr,Y
fr,fr,Y
fr,fr,Y
fr,fr,Y
fr,fr,Y
fr,fr,Y
fr,fr,Y
fr,fr,Y
fr,fr,Y
fr,fr,Y
fr,fr,Y
fr,fr,Y
fr,fr,Y
fr,fr,Y
fr,fr,Y
fr,fr,Y
fr,fr,Y
fr,fr,Y
fr,fr,Y
fr,fr,Y
fr,fr,Y
fr,fr,Y
fr,fr,Y
fr,fr,Y
fr,fr,Y
fr,fr,Y
fr,fr,Y
fr,fr,Y
fr,fr,Y
fr,fr,Y
fr,fr,Y
fr,fr,Y
fr,fr,Y
fr,fr,Y
fr,fr,Y
fr,fr,Y
fr,fr,Y
fr,fr,Y
fr,fr,Y
fr,fr,Y
fr,fr,Y
fr,fr,Y
fr,fr,Y
fr,fr,Y
fr,fr,Y
fr,fr,Y
fr,fr,Y
fr,fr,Y
fr,fr,Y
fr,fr,Y
fr,fr,Y
fr,fr,Y
fr,fr,Y
fr,fr,Y
fr,fr,Y
fr,fr,Y
fr,fr,Y
fr,fr,Y
fr,fr,Y
fr,fr,Y
fr,fr,Y
fr,fr,Y
fr,fr,Y
fr,fr,Y
fr,fr,Y
fr,fr,Y
fr,fr,Y
fr,fr,Y
fr,fr,Y
fr,fr,Y
fr,fr,Y
fr,fr,Y
fr,fr,Y
fr,fr,Y
fr,fr,Y
fr,fr,Y
fr,fr,Y
fr,fr,Y
fr,fr,Y
fr,fr,Y
fr,fr,Y
fr,fr,Y
fr,fr,Y
fr,fr,Y
fr,fr,Y
fr,fr,Y
fr,fr,Y
fr,fr,Y
fr,fr,Y
fr,fr,Y
fr,fr,Y
fr,fr,Y
fr,fr,Y
fr,fr,Y
fr,fr,Y
fr,fr,Y
fr,fr,Y
fr,fr,Y
fr,fr,Y
fr,fr,Y
fr,fr,Y
fr,fr,Y
fr,fr,Y
fr,fr,Y
fr,fr,Y
fr,fr,Y
fr,fr,Y
fr,fr,Y
fr,fr,Y
fr,fr,Y
fr,fr,Y
fr,fr,Y
fr,fr,Y
fr,fr,Y
fr,fr,Y
fr,fr,Y
fr,fr,Y
fr,fr,Y
fr,fr,Y
fr,fr,Y
fr,fr,Y
fr,fr,Y
fr,fr,Y
fr,fr,Y
fr,fr,Y
fr,fr,Y
fr,fr,Y
fr,fr,Y
fr,fr,Y
fr,fr,Y
fr,fr,Y
fr,fr,Y
fr,fr,Y
fr,fr,Y
fr,fr,Y
fr,fr,Y
fr,fr,Y
fr,fr,Y
fr,fr,Y
fr,fr,Y
fr,fr,Y
fr,fr,Y
fr,fr,Y
fr,fr,Y
fr,fr,Y
fr,fr,Y
fr,fr,Y
fr,fr,Y
fr,fr,Y
fr,fr,Y
fr,fr,Y
fr,fr,Y
fr,fr,Y
fr,fr,Y
fr,fr,Y
fr,fr,Y
fr,fr,Y
fr,fr,Y
fr,fr,Y
fr,fr,Y
fr,fr,Y
fr,fr,Y
fr,fr,Y
fr,fr,Y
fr,fr,Y
fr,fr,Y
fr,fr,Y
fr,fr,Y
fr,fr,Y
fr,fr,Y
fr,fr,Y
fr,fr,Y
fr,fr,Y
fr,fr,Y
fr,fr,Y
fr,fr,Y
fr,fr,Y
fr,fr,Y
fr,fr,Y
fr,fr,Y
fr,fr,Y
fr,fr,Y
fr,fr,Y
fr,fr,Y
fr,fr,Y
fr,fr,Y
fr,fr,Y
fr,fr,Y
fr,fr,Y
fr,fr,Y
fr,fr,Y
fr,fr,Y
fr,fr,Y
fr,fr,Y
fr,fr,Y
fr,fr,Y
fr,fr,Y
fr,fr,Y
fr,fr,Y
fr,fr,Y
fr,fr,Y
fr,fr,Y
fr,fr,Y
fr,fr,Y
fr,fr,Y
fr,fr,Y
fr,fr,Y
fr,fr,Y
fr,fr,Y
fr,fr,Y
fr,fr,Y
fr,fr,Y
fr,fr,Y
fr,fr,Y
fr,fr,Y
fr,fr,Y
fr,fr,Y
fr,fr,Y
fr,fr,Y
fr,fr,Y
fr,fr,Y
fr,fr,Y
fr,fr,Y
fr,fr,Y
fr,fr,Y
fr,fr,Y
fr,fr,Y
fr,fr,Y
fr,fr,Y
fr,fr,Y
fr,fr,Y
fr,fr,Y
fr,fr,Y
fr,lv,N
fr,fr,Y
fr,fr,Y
fr,fr,Y
fr,fr,Y
fr,fr,Y
fr,fr,Y
fr,fr,Y
fr,fr,Y
fr,fr,Y
fr,fr,Y
fr,fr,Y
fr,fr,Y
fr,fr,Y
fr,fr,Y
fr,fr,Y
fr,fr,Y
fr,fr,Y
fr,fr,Y
fr,fr,Y
fr,fr,Y
fr,fr,Y
fr,fr,Y
fr,fr,Y
fr,fr,Y
fr,fr,Y
fr,fr,Y
fr,nl,N
fr,fr,Y
fr,ca,N
fr,fr,Y
fr,fr,Y
fr,fr,Y
fr,fr,Y
fr,fr,Y
fr,fr,Y
fr,fr,Y
fr,fr,Y
fr,fr,Y
fr,fr,Y
fr,fr,Y
fr,fr,Y
fr,fr,Y
fr,fr,Y
fr,fr,Y
fr,fr,Y
fr,fr,Y
fr,fr,Y
fr,fr,Y
fr,fr,Y
fr,fr,Y
fr,fr,Y
fr,fr,Y
fr,fr,Y
fr,fr,Y
fr,fr,Y
fr,fr,Y
fr,fr,Y
fr,fr,Y
fr,fr,Y
fr,fr,Y
fr,fr,Y
fr,fr,Y
fr,fr,Y
fr,fr,Y
fr,af,N
fr,fr,Y
fr,fr,Y
fr,fr,Y
fr,fr,Y
fr,fr,Y
fr,tr,N
fr,fr,Y
fr,fr,Y
fr,fr,Y
fr,fr,Y
fr,fr,Y
fr,fr,Y
fr,fr,Y
fr,fr,Y
fr,fr,Y
fr,fr,Y
fr,fr,Y
fr,fr,Y
fr,fr,Y
fr,fr,Y
fr,fr,Y
fr,fr,Y
fr,fr,Y
fr,fr,Y
fr,fr,Y
fr,lv,N
fr,fr,Y
fr,fr,Y
fr,fr,Y
fr,fr,Y
fr,fr,Y
fr,fr,Y
fr,fr,Y
fr,fr,Y
fr,fr,Y
fr,fr,Y
fr,fr,Y
fr,fr,Y
fr,fr,Y
fr,fr,Y
fr,fr,Y
fr,fr,Y
fr,af,N
fr,cs,N
fr,fr,Y
fr,fr,Y
fr,fr,Y
fr,fr,Y
fr,fr,Y
fr,fr,Y
fr,fr,Y
fr,fr,Y
fr,fr,Y
fr,fr,Y
fr,fr,Y
fr,fr,Y
fr,lt,N
fr,fr,Y
fr,fr,Y
fr,fr,Y
fr,fr,Y
fr,fr,Y
fr,fr,Y
fr,fr,Y
fr,fr,Y
fr,fr,Y
fr,fr,Y
fr,fr,Y
fr,sq,N
fr,fr,Y
fr,fr,Y
fr,fr,Y
fr,fr,Y
fr,fr,Y
fr,fr,Y
fr,fr,Y
fr,fr,Y
fr,fr,Y
fr,fr,Y
fr,ca,N
fr,ca,N
fr,fr,Y
fr,fr,Y
fr,fr,Y
fr,fr,Y
fr,it,N
fr,fr,Y
fr,tl,N
fr,ca,N
fr,es,N
fr,fr,Y
fr,es,N
fr,da,N
fr,fr,Y
fr,fr,Y
fr,fr,Y
fr,fr,Y
fr,fr,Y
fr,fr,Y
fr,fr,Y
fr,es,N
fr,fr,Y
fr,fr,Y
fr,fr,Y
fr,fr,Y
fr,fr,Y
fr,fr,Y
fr,id,N
fr,fr,Y
fr,fr,Y
fr,fr,Y
fr,fr,Y
fr,fr,Y
fr,fr,Y
fr,fr,Y
fr,fr,Y
fr,fr,Y
fr,fr,Y
fr,fr,Y
fr,fr,Y
fr,fr,Y
fr,fr,Y
fr,fr,Y
fr,fr,Y
fr,fr,Y
fr,fr,Y
fr,it,N
fr,fr,Y
fr,fr,Y
fr,fr,Y
fr,ca,N
fr,es,N
fr,fr,Y
fr,de,N
fr,fr,Y
fr,fr,Y
fr,fr,Y
fr,fr,Y
fr,fr,Y
fr,fr,Y
fr,sl,N
fr,fr,Y
fr,fr,Y
fr,fr,Y
fr,ro,N
fr,fr,Y
fr,fr,Y
fr,fr,Y
fr,fr,Y
fr,fr,Y
fr,fr,Y
fr,fr,Y
fr,fr,Y
fr,fr,Y
fr,fr,Y
fr,fr,Y
fr,fr,Y
fr,fr,Y
fr,fr,Y
fr,fr,Y
fr,fr,Y
fr,fr,Y
fr,fr,Y
fr,fr,Y
fr,fr,Y
fr,fr,Y
fr,fr,Y
fr,fr,Y
fr,fr,Y
fr,fr,Y
fr,es,N
fr,fr,Y
fr,fr,Y
fr,fr,Y
fr,fr,Y
fr,lv,N
fr,fr,Y
fr,fr,Y
fr,fr,Y
fr,fr,Y
fr,fr,Y
fr,fr,Y
fr,fr,Y
fr,fr,Y
fr,fr,Y
fr,fr,Y
fr,fr,Y
fr,it,N
fr,fr,Y
fr,sl,N
fr,ca,N
fr,fr,Y
fr,fr,Y
fr,fr,Y
fr,fr,Y
fr,fr,Y
fr,fr,Y
fr,fr,Y
fr,fr,Y
fr,fr,Y
fr,fr,Y
fr,fr,Y
fr,fr,Y
fr,fr,Y
fr,fr,Y
fr,fr,Y
fr,fr,Y
fr,fr,Y
fr,fr,Y
fr,fr,Y
fr,fr,Y
fr,fr,Y
fr,fr,Y
fr,fr,Y
fr,fr,Y
fr,fr,Y
fr,fr,Y
fr,fr,Y
fr,fr,Y
fr,fr,Y
fr,fr,Y
fr,fr,Y
fr,fr,Y
fr,fr,Y
fr,fr,Y
fr,fr,Y
fr,fr,Y
fr,fr,Y
fr,fr,Y
fr,fr,Y
fr,fr,Y
fr,fr,Y
fr,fr,Y
fr,fr,Y
fr,fr,Y
fr,fr,Y
fr,fr,Y
fr,fr,Y
fr,fr,Y
fr,fr,Y
fr,fr,Y
fr,fr,Y
fr,fr,Y
fr,fr,Y
fr,fr,Y
fr,fr,Y
fr,fr,Y
nl,nl,Y
nl,nl,Y
nl,nl,Y
nl,nl,Y
nl,nl,Y
nl,nl,Y
nl,nl,Y
nl,nl,Y
nl,nl,Y
nl,nl,Y
nl,nl,Y
nl,nl,Y
nl,nl,Y
nl,nl,Y
nl,nl,Y
nl,nl,Y
nl,nl,Y
nl,nl,Y
nl,nl,Y
nl,nl,Y
nl,nl,Y
nl,nl,Y
nl,nl,Y
nl,nl,Y
nl,nl,Y
nl,nl,Y
nl,nl,Y
nl,nl,Y
nl,nl,Y
nl,nl,Y
nl,nl,Y
nl,nl,Y
nl,nl,Y
nl,nl,Y
nl,nl,Y
nl,nl,Y
nl,nl,Y
nl,nl,Y
nl,nl,Y
nl,nl,Y
nl,nl,Y
nl,nl,Y
nl,nl,Y
nl,af,N
nl,nl,Y
nl,nl,Y
nl,nl,Y
nl,nl,Y
nl,nl,Y
nl,nl,Y
nl,nl,Y
nl,nl,Y
nl,af,N
nl,nl,Y
nl,nl,Y
nl,nl,Y
nl,nl,Y
nl,nl,Y
nl,nl,Y
nl,nl,Y
nl,nl,Y
nl,nl,Y
nl,nl,Y
nl,nl,Y
nl,nl,Y
nl,nl,Y
nl,af,N
nl,nl,Y
nl,nl,Y
nl,nl,Y
nl,nl,Y
nl,nl,Y
nl,nl,Y
nl,nl,Y
nl,nl,Y
nl,nl,Y
nl,nl,Y
nl,en,N
nl,nl,Y
nl,nl,Y
nl,sv,N
nl,nl,Y
nl,nl,Y
nl,nl,Y
nl,nl,Y
nl,nl,Y
nl,nl,Y
nl,nl,Y
nl,nl,Y
nl,nl,Y
nl,nl,Y
nl,af,N
nl,nl,Y
nl,nl,Y
nl,nl,Y
nl,nl,Y
nl,nl,Y
nl,nl,Y
nl,nl,Y
nl,nl,Y
nl,nl,Y
nl,nl,Y
nl,nl,Y
nl,nl,Y
nl,nl,Y
nl,nl,Y
nl,nl,Y
nl,nl,Y
nl,nl,Y
nl,nl,Y
nl,nl,Y
nl,nl,Y
nl,nl,Y
nl,nl,Y
nl,nl,Y
nl,nl,Y
nl,nl,Y
nl,nl,Y
nl,nl,Y
nl,nl,Y
nl,nl,Y
nl,nl,Y
nl,nl,Y
nl,nl,Y
nl,af,N
nl,nl,Y
nl,nl,Y
nl,nl,Y
nl,nl,Y
nl,af,N
nl,af,N
nl,nl,Y
nl,nl,Y
nl,nl,Y
nl,nl,Y
nl,nl,Y
nl,nl,Y
nl,nl,Y
nl,nl,Y
nl,nl,Y
nl,nl,Y
nl,nl,Y
nl,nl,Y
nl,nl,Y
nl,nl,Y
nl,nl,Y
nl,nl,Y
nl,nl,Y
nl,nl,Y
nl,nl,Y
nl,nl,Y
nl,nl,Y
nl,nl,Y
nl,nl,Y
nl,nl,Y
nl,nl,Y
nl,nl,Y
nl,nl,Y
nl,nl,Y
nl,nl,Y
nl,nl,Y
nl,nl,Y
nl,nl,Y
nl,af,N
nl,nl,Y
nl,nl,Y
nl,nl,Y
nl,nl,Y
nl,nl,Y
nl,nl,Y
nl,nl,Y
nl,nl,Y
nl,nl,Y
nl,nl,Y
nl,nl,Y
nl,nl,Y
nl,nl,Y
nl,nl,Y
nl,nl,Y
nl,nl,Y
nl,nl,Y
nl,nl,Y
nl,nl,Y
nl,nl,Y
nl,nl,Y
nl,nl,Y
nl,nl,Y
nl,nl,Y
nl,nl,Y
nl,nl,Y
nl,nl,Y
nl,nl,Y
nl,nl,Y
nl,nl,Y
nl,nl,Y
nl,nl,Y
nl,nl,Y
nl,nl,Y
nl,nl,Y
nl,nl,Y
nl,nl,Y
nl,nl,Y
nl,nl,Y
nl,nl,Y
nl,af,N
nl,nl,Y
nl,nl,Y
nl,nl,Y
nl,nl,Y
nl,nl,Y
nl,nl,Y
nl,af,N
nl,nl,Y
nl,nl,Y
nl,nl,Y
nl,nl,Y
nl,nl,Y
nl,nl,Y
nl,nl,Y
nl,nl,Y
nl,af,N
nl,nl,Y
nl,af,N
nl,nl,Y
nl,nl,Y
nl,af,N
nl,nl,Y
nl,nl,Y
nl,nl,Y
nl,nl,Y
nl,nl,Y
nl,nl,Y
nl,nl,Y
nl,nl,Y
nl,nl,Y
nl,nl,Y
nl,nl,Y
nl,af,N
nl,nl,Y
nl,nl,Y
nl,nl,Y
nl,nl,Y
nl,nl,Y
nl,nl,Y
nl,nl,Y
nl,nl,Y
nl,nl,Y
nl,nl,Y
nl,nl,Y
nl,nl,Y
nl,nl,Y
nl,nl,Y
nl,nl,Y
nl,nl,Y
nl,nl,Y
nl,nl,Y
nl,nl,Y
nl,nl,Y
nl,nl,Y
nl,nl,Y
nl,nl,Y
nl,nl,Y
nl,nl,Y
nl,nl,Y
nl,nl,Y
nl,nl,Y
nl,nl,Y
nl,nl,Y
nl,nl,Y
nl,nl,Y
nl,af,N
nl,nl,Y
nl,nl,Y
nl,nl,Y
nl,nl,Y
nl,nl,Y
nl,no,N
nl,nl,Y
nl,nl,Y
nl,hr,N
nl,af,N
nl,nl,Y
nl,nl,Y
nl,nl,Y
nl,nl,Y
nl,nl,Y
nl,nl,Y
nl,af,N
nl,nl,Y
nl,nl,Y
nl,fr,N
nl,nl,Y
nl,nl,Y
nl,nl,Y
nl,nl,Y
nl,nl,Y
nl,nl,Y
nl,nl,Y
nl,af,N
nl,nl,Y
nl,nl,Y
nl,nl,Y
nl,nl,Y
nl,nl,Y
nl,nl,Y
nl,nl,Y
nl,hr,N
nl,nl,Y
nl,af,N
nl,nl,Y
nl,nl,Y
nl,nl,Y
nl,nl,Y
nl,nl,Y
nl,nl,Y
nl,hr,N
nl,nl,Y
nl,nl,Y
nl,nl,Y
nl,nl,Y
nl,nl,Y
nl,nl,Y
nl,nl,Y
nl,nl,Y
nl,nl,Y
nl,hr,N
nl,cs,N
nl,nl,Y
nl,nl,Y
nl,nl,Y
nl,nl,Y
nl,nl,Y
nl,nl,Y
nl,nl,Y
nl,nl,Y
nl,nl,Y
nl,nl,Y
nl,nl,Y
nl,nl,Y
nl,nl,Y
nl,nl,Y
nl,af,N
nl,nl,Y
nl,nl,Y
nl,nl,Y
nl,nl,Y
nl,nl,Y
nl,af,N
nl,nl,Y
nl,nl,Y
nl,ro,N
nl,nl,Y
nl,nl,Y
nl,pl,N
nl,nl,Y
nl,nl,Y
nl,nl,Y
nl,nl,Y
nl,nl,Y
nl,nl,Y
nl,nl,Y
nl,nl,Y
nl,nl,Y
nl,nl,Y
nl,nl,Y
nl,nl,Y
nl,nl,Y
nl,nl,Y
nl,af,N
nl,nl,Y
nl,af,N
nl,sl,N
nl,cy,N
nl,nl,Y
nl,af,N
nl,nl,Y
nl,nl,Y
nl,af,N
nl,af,N
nl,nl,Y
nl,nl,Y
nl,nl,Y
nl,nl,Y
nl,nl,Y
nl,nl,Y
nl,es,N
nl,af,N
nl,nl,Y
nl,nl,Y
nl,nl,Y
nl,nl,Y
nl,af,N
nl,nl,Y
nl,da,N
nl,af,N
nl,nl,Y
nl,nl,Y
nl,nl,Y
nl,nl,Y
nl,nl,Y
nl,nl,Y
nl,nl,Y
nl,nl,Y
nl,nl,Y
nl,nl,Y
nl,nl,Y
nl,nl,Y
nl,nl,Y
nl,nl,Y
nl,nl,Y
nl,nl,Y
nl,nl,Y
nl,af,N
nl,nl,Y
nl,da,N
nl,af,N
nl,so,N
nl,nl,Y
nl,nl,Y
nl,af,N
nl,nl,Y
nl,nl,Y
nl,nl,Y
nl,af,N
nl,af,N
nl,af,N
nl,nl,Y
nl,af,N
nl,nl,Y
nl,nl,Y
nl,af,N
nl,nl,Y
nl,nl,Y
nl,nl,Y
nl,nl,Y
nl,nl,Y
nl,af,N
nl,nl,Y
nl,nl,Y
nl,sl,N
nl,nl,Y
nl,nl,Y
nl,nl,Y
nl,af,N
nl,nl,Y
nl,nl,Y
nl,nl,Y
nl,nl,Y
nl,nl,Y
nl,nl,Y
nl,nl,Y
nl,af,N
nl,af,N
nl,af,N
nl,nl,Y
nl,nl,Y
nl,so,N
nl,nl,Y
nl,nl,Y
nl,nl,Y
nl,da,N
nl,da,N
nl,nl,Y
nl,af,N
nl,af,N
nl,nl,Y
nl,nl,Y
nl,no,N
nl,af,N
nl,nl,Y
nl,nl,Y
nl,nl,Y
nl,nl,Y
nl,hr,N
nl,nl,Y
nl,nl,Y
nl,nl,Y
nl,nl,Y
nl,nl,Y
nl,nl,Y
nl,nl,Y
nl,nl,Y
nl,nl,Y
nl,nl,Y
nl,nl,Y
nl,nl,Y
nl,nl,Y
nl,nl,Y
nl,nl,Y
nl,nl,Y
nl,nl,Y
nl,nl,Y
nl,nl,Y
nl,nl,Y
nl,nl,Y
nl,nl,Y
nl,af,N
nl,nl,Y
nl,af,N
nl,nl,Y
nl,nl,Y
nl,nl,Y
nl,af,N
nl,nl,Y
nl,nl,Y
nl,nl,Y
nl,nl,Y
nl,nl,Y
nl,nl,Y
nl,nl,Y
nl,nl,Y
nl,nl,Y
nl,nl,Y
nl,nl,Y
nl,nl,Y
nl,nl,Y
nl,nl,Y
nl,nl,Y
nl,nl,Y
nl,nl,Y
nl,nl,Y
nl,nl,Y
nl,nl,Y
nl,nl,Y
nl,nl,Y
nl,nl,Y
nl,nl,Y
nl,af,N
nl,nl,Y
nl,nl,Y
nl,nl,Y
nl,nl,Y
nl,nl,Y
nl,af,N
nl,nl,Y
nl,nl,Y
nl,nl,Y
nl,nl,Y
nl,nl,Y
nl,nl,Y
nl,nl,Y
nl,nl,Y
nl,nl,Y
nl,nl,Y
nl,nl,Y
nl,nl,Y
es,es,Y
es,es,Y
es,es,Y
es,es,Y
es,es,Y
es,es,Y
es,es,Y
es,es,Y
es,es,Y
es,es,Y
es,es,Y
es,es,Y
es,es,Y
es,es,Y
es,es,Y
es,es,Y
es,es,Y
es,es,Y
es,es,Y
es,es,Y
es,es,Y
es,es,Y
es,es,Y
es,es,Y
es,es,Y
es,es,Y
es,pt,N
es,es,Y
es,es,Y
es,es,Y
es,es,Y
es,es,Y
es,es,Y
es,es,Y
es,es,Y
es,es,Y
es,es,Y
es,es,Y
es,es,Y
es,es,Y
es,es,Y
es,es,Y
es,es,Y
es,es,Y
es,es,Y
es,es,Y
es,es,Y
es,es,Y
es,es,Y
es,es,Y
es,es,Y
es,es,Y
es,es,Y
es,es,Y
es,es,Y
es,es,Y
es,es,Y
es,es,Y
es,es,Y
es,es,Y
es,es,Y
es,es,Y
es,es,Y
es,es,Y
es,es,Y
es,es,Y
es,es,Y
es,es,Y
es,es,Y
es,es,Y
es,es,Y
es,es,Y
es,es,Y
es,es,Y
es,es,Y
es,es,Y
es,es,Y
es,es,Y
es,es,Y
es,es,Y
es,es,Y
es,es,Y
es,es,Y
es,es,Y
es,es,Y
es,es,Y
es,es,Y
es,es,Y
es,es,Y
es,es,Y
es,es,Y
es,es,Y
es,es,Y
es,es,Y
es,es,Y
es,es,Y
es,es,Y
es,es,Y
es,es,Y
es,es,Y
es,es,Y
es,es,Y
es,es,Y
es,es,Y
es,es,Y
es,es,Y
es,es,Y
es,es,Y
es,es,Y
es,es,Y
es,es,Y
es,es,Y
es,es,Y
es,es,Y
es,es,Y
es,es,Y
es,es,Y
es,es,Y
es,es,Y
es,es,Y
es,es,Y
es,es,Y
es,es,Y
es,es,Y
es,es,Y
es,es,Y
es,es,Y
es,es,Y
es,es,Y
es,es,Y
es,es,Y
es,es,Y
es,es,Y
es,es,Y
es,es,Y
es,es,Y
es,es,Y
es,es,Y
es,es,Y
es,es,Y
es,es,Y
es,es,Y
es,es,Y
es,es,Y
es,es,Y
es,es,Y
es,es,Y
es,es,Y
es,es,Y
es,es,Y
es,es,Y
es,es,Y
es,es,Y
es,es,Y
es,pt,N
es,es,Y
es,es,Y
es,es,Y
es,es,Y
es,es,Y
es,es,Y
es,es,Y
es,es,Y
es,es,Y
es,es,Y
es,es,Y
es,es,Y
es,es,Y
es,es,Y
es,es,Y
es,es,Y
es,es,Y
es,es,Y
es,es,Y
es,es,Y
es,es,Y
es,es,Y
es,es,Y
es,es,Y
es,es,Y
es,es,Y
es,es,Y
es,es,Y
es,es,Y
es,es,Y
es,es,Y
es,es,Y
es,es,Y
es,es,Y
es,es,Y
es,es,Y
es,es,Y
es,es,Y
es,es,Y
es,es,Y
es,es,Y
es,es,Y
es,es,Y
es,es,Y
es,es,Y
es,es,Y
es,es,Y
es,es,Y
es,es,Y
es,es,Y
es,es,Y
es,es,Y
es,es,Y
es,es,Y
es,es,Y
es,es,Y
es,es,Y
es,es,Y
es,es,Y
es,es,Y
es,es,Y
es,es,Y
es,es,Y
es,es,Y
es,es,Y
es,es,Y
es,es,Y
es,sl,N
es,es,Y
es,es,Y
es,es,Y
es,es,Y
es,es,Y
es,es,Y
es,es,Y
es,es,Y
es,es,Y
es,es,Y
es,es,Y
es,es,Y
es,es,Y
es,es,Y
es,es,Y
es,es,Y
es,es,Y
es,es,Y
es,es,Y
es,es,Y
es,es,Y
es,es,Y
es,es,Y
es,es,Y
es,es,Y
es,es,Y
es,es,Y
es,es,Y
es,es,Y
es,es,Y
es,es,Y
es,es,Y
es,es,Y
es,es,Y
es,es,Y
es,es,Y
es,es,Y
es,es,Y
es,es,Y
es,es,Y
es,es,Y
es,es,Y
es,es,Y
es,es,Y
es,es,Y
es,es,Y
es,es,Y
es,es,Y
es,es,Y
es,es,Y
es,es,Y
es,es,Y
es,es,Y
es,es,Y
es,null,N
es,es,Y
es,es,Y
es,es,Y
es,es,Y
es,fr,N
es,es,Y
es,es,Y
es,es,Y
es,es,Y
es,es,Y
es,es,Y
es,es,Y
es,es,Y
es,es,Y
es,es,Y
es,es,Y
es,es,Y
es,es,Y
es,es,Y
es,es,Y
es,es,Y
es,es,Y
es,es,Y
es,es,Y
es,es,Y
es,es,Y
es,es,Y
es,es,Y
es,es,Y
es,es,Y
es,es,Y
es,es,Y
es,es,Y
es,es,Y
es,es,Y
es,es,Y
es,es,Y
es,es,Y
es,es,Y
es,es,Y
es,es,Y
es,es,Y
es,es,Y
es,es,Y
es,es,Y
es,es,Y
es,es,Y
es,es,Y
es,es,Y
es,es,Y
es,es,Y
es,es,Y
es,es,Y
es,es,Y
es,es,Y
es,es,Y
es,es,Y
es,es,Y
es,es,Y
es,es,Y
es,fr,N
es,es,Y
es,es,Y
es,es,Y
es,es,Y
es,es,Y
es,es,Y
es,es,Y
es,es,Y
es,es,Y
es,es,Y
es,es,Y
es,es,Y
es,es,Y
es,es,Y
es,es,Y
es,es,Y
es,es,Y
es,es,Y
es,es,Y
es,es,Y
es,es,Y
es,es,Y
es,es,Y
es,es,Y
es,es,Y
es,es,Y
es,es,Y
es,es,Y
es,es,Y
es,es,Y
es,es,Y
es,es,Y
es,es,Y
es,es,Y
es,es,Y
es,es,Y
es,es,Y
es,es,Y
es,es,Y
es,es,Y
es,es,Y
es,es,Y
es,es,Y
es,es,Y
es,es,Y
es,es,Y
es,es,Y
es,es,Y
es,es,Y
es,es,Y
es,es,Y
es,es,Y
es,es,Y
es,es,Y
es,es,Y
es,es,Y
es,es,Y
es,es,Y
es,es,Y
es,es,Y
es,es,Y
es,es,Y
es,es,Y
es,es,Y
es,es,Y
es,es,Y
es,es,Y
es,es,Y
es,es,Y
es,es,Y
es,es,Y
es,es,Y
es,es,Y
es,es,Y
es,it,N
es,es,Y
es,es,Y
es,es,Y
es,es,Y
es,es,Y
es,es,Y
es,es,Y
es,es,Y
es,es,Y
es,es,Y
es,es,Y
es,es,Y
es,es,Y
es,es,Y
es,es,Y
es,es,Y
es,es,Y
es,es,Y
es,es,Y
es,es,Y
es,es,Y
es,es,Y
es,es,Y
es,es,Y
es,es,Y
es,es,Y
es,es,Y
es,es,Y
es,es,Y
es,es,Y
es,es,Y
es,es,Y
es,es,Y
es,es,Y
es,es,Y
es,es,Y
es,es,Y
es,es,Y
es,es,Y
es,es,Y
es,es,Y
es,es,Y
es,es,Y
es,es,Y
es,es,Y
es,es,Y
es,es,Y
es,es,Y
es,es,Y
es,es,Y
es,es,Y
es,es,Y
es,es,Y
es,es,Y
es,es,Y
es,es,Y
es,pt,N
es,es,Y
es,es,Y
es,es,Y
es,es,Y
es,es,Y
es,es,Y
es,es,Y
es,es,Y
es,es,Y
es,es,Y
es,es,Y
es,es,Y
es,es,Y
es,es,Y
es,pt,N
es,es,Y
es,es,Y
es,es,Y
es,es,Y
es,es,Y
es,es,Y
es,es,Y
es,es,Y
es,es,Y
es,es,Y
es,es,Y
es,es,Y
es,es,Y
es,es,Y
es,es,Y
es,es,Y
es,es,Y
es,es,Y
es,es,Y
es,es,Y
es,pt,N
es,es,Y
es,es,Y
es,es,Y
es,es,Y
es,es,Y
es,es,Y
es,es,Y
es,es,Y
es,pt,N
es,es,Y
es,es,Y
es,es,Y
es,es,Y
es,pt,N
es,es,Y
es,es,Y
es,es,Y
es,es,Y
es,es,Y
es,es,Y
es,es,Y
es,es,Y
es,es,Y
es,es,Y
es,es,Y
es,es,Y
es,it,N
es,es,Y
es,es,Y
es,es,Y
es,es,Y
es,pt,N
es,es,Y
es,es,Y
es,it,N
es,es,Y
es,pt,N
es,pt,N
es,es,Y
es,es,Y
es,es,Y
es,es,Y
es,pt,N
es,es,Y
es,es,Y
es,es,Y
es,es,Y
es,es,Y
es,es,Y
es,it,N
es,es,Y
es,es,Y
es,es,Y
es,es,Y
es,es,Y
es,es,Y
es,es,Y
es,es,Y
es,es,Y
es,es,Y
es,es,Y
es,es,Y
es,es,Y
es,es,Y
es,es,Y
es,es,Y
es,es,Y
es,sv,N
es,es,Y
es,es,Y
es,es,Y
es,es,Y
es,es,Y
es,es,Y
es,pt,N
es,it,N
es,es,Y
es,es,Y
es,es,Y
es,es,Y
es,es,Y
es,es,Y
es,es,Y
es,pt,N
es,cs,N
es,es,Y
es,es,Y
es,es,Y
es,es,Y
es,es,Y
es,es,Y
es,es,Y
es,es,Y
es,es,Y
es,it,N
es,es,Y
es,es,Y
es,es,Y
es,fr,N
es,it,N
es,ca,N
es,es,Y
es,es,Y
es,es,Y
es,es,Y
es,es,Y
es,es,Y
es,es,Y
es,es,Y
es,pt,N
es,es,Y
es,es,Y
es,hu,N
es,pt,N
es,es,Y
es,es,Y
es,es,Y
es,es,Y
es,es,Y
es,es,Y
es,es,Y
es,es,Y
es,es,Y
es,es,Y
es,es,Y
es,tl,N
es,es,Y
es,es,Y
es,pt,N
es,es,Y
es,vi,N
es,cs,N
es,es,Y
es,es,Y
es,es,Y
es,es,Y
es,es,Y
es,es,Y
es,es,Y
es,es,Y
es,es,Y
es,nl,N
es,es,Y
es,es,Y
es,nl,N
es,es,Y
es,es,Y
es,es,Y
es,da,N
es,pt,N
es,pt,N
es,es,Y
es,it,N
es,en,N
es,es,Y
es,es,Y
es,es,Y
es,es,Y
es,es,Y
es,it,N
es,es,Y
es,es,Y
es,es,Y
es,es,Y
es,es,Y
es,es,Y
es,es,Y
es,it,N
es,es,Y
es,es,Y
es,es,Y
es,pt,N
es,es,Y
es,es,Y
es,ca,N
es,es,Y
es,es,Y
es,sq,N
es,es,Y
es,es,Y
es,es,Y
es,es,Y
es,es,Y
es,es,Y
es,pt,N
es,es,Y
es,fr,N
es,es,Y
es,es,Y
es,es,Y
es,es,Y
es,es,Y
es,es,Y
es,es,Y
es,es,Y
es,it,N
es,it,N
es,es,Y
es,es,Y
es,es,Y
es,es,Y
es,es,Y
es,es,Y
es,es,Y
es,es,Y
es,es,Y
es,es,Y
es,es,Y
es,es,Y
es,es,Y
es,es,Y
es,pt,N
es,es,Y
es,es,Y
es,es,Y
es,es,Y
es,sk,N
es,es,Y
es,es,Y
es,es,Y
es,es,Y
es,es,Y
es,es,Y
es,es,Y
es,es,Y
es,pt,N
es,es,Y
es,es,Y
es,es,Y
es,es,Y
es,es,Y
es,es,Y
es,es,Y
es,es,Y
es,ro,N
es,es,Y
es,ro,N
es,es,Y
es,ro,N
es,es,Y
es,es,Y
es,es,Y
es,es,Y
es,es,Y
es,es,Y
es,es,Y
es,es,Y
es,es,Y
es,es,Y
es,es,Y
es,es,Y
es,es,Y
es,es,Y
es,es,Y
es,es,Y
es,es,Y
es,es,Y
es,es,Y
es,es,Y
es,es,Y
es,es,Y
es,es,Y
es,es,Y
es,es,Y
es,es,Y
es,es,Y
es,es,Y
es,es,Y
es,es,Y
es,es,Y
es,es,Y
es,es,Y
es,es,Y
es,es,Y
es,es,Y
es,es,Y
es,es,Y
es,es,Y
es,es,Y
es,es,Y
es,es,Y
es,es,Y
es,es,Y
es,pt,N
es,es,Y
es,es,Y
es,es,Y
es,pt,N
es,es,Y
es,es,Y
es,pt,N
es,es,Y
es,es,Y
es,es,Y
es,es,Y
es,es,Y
es,es,Y
es,es,Y
es,es,Y
es,es,Y
es,es,Y
es,es,Y
es,es,Y
es,es,Y
es,es,Y
es,es,Y
es,es,Y
es,it,N
es,es,Y
es,es,Y
es,es,Y
es,es,Y
el,el,Y
el,el,Y
el,el,Y
el,el,Y
el,el,Y
el,el,Y
el,el,Y
el,el,Y
el,el,Y
el,el,Y
el,el,Y
el,el,Y
el,el,Y
el,el,Y
el,el,Y
el,el,Y
el,el,Y
el,el,Y
el,el,Y
el,el,Y
el,el,Y
el,el,Y
el,el,Y
el,el,Y
el,el,Y
el,el,Y
el,el,Y
el,el,Y
el,el,Y
el,el,Y
el,el,Y
el,el,Y
el,el,Y
el,el,Y
el,el,Y
el,el,Y
el,el,Y
el,el,Y
el,el,Y
el,el,Y
el,el,Y
el,el,Y
el,el,Y
el,el,Y
el,el,Y
el,el,Y
el,el,Y
el,el,Y
el,el,Y
el,el,Y
el,el,Y
el,el,Y
el,el,Y
el,el,Y
el,el,Y
el,el,Y
el,el,Y
el,el,Y
el,el,Y
el,el,Y
el,el,Y
el,el,Y
el,el,Y
el,el,Y
el,el,Y
el,el,Y
el,el,Y
el,el,Y
el,el,Y
el,el,Y
el,el,Y
el,el,Y
el,el,Y
el,el,Y
el,el,Y
el,el,Y
el,el,Y
el,el,Y
el,el,Y
el,el,Y
el,el,Y
el,el,Y
el,el,Y
el,el,Y
el,el,Y
el,el,Y
el,el,Y
el,el,Y
el,el,Y
el,el,Y
el,el,Y
el,el,Y
el,el,Y
el,el,Y
el,el,Y
el,el,Y
el,el,Y
el,el,Y
el,el,Y
el,el,Y
el,el,Y
el,el,Y
el,el,Y
el,el,Y
el,el,Y
el,el,Y
el,el,Y
el,el,Y
el,el,Y
el,el,Y
el,el,Y
el,el,Y
el,el,Y
el,el,Y
el,el,Y
el,el,Y
el,el,Y
el,el,Y
el,el,Y
el,el,Y
el,el,Y
el,el,Y
el,el,Y
el,el,Y
el,el,Y
el,el,Y
el,el,Y
el,el,Y
el,el,Y
el,el,Y
el,el,Y
el,el,Y
el,el,Y
el,el,Y
el,el,Y
el,el,Y
el,el,Y
el,el,Y
el,el,Y
el,el,Y
el,el,Y
el,el,Y
el,el,Y
el,el,Y
el,el,Y
el,el,Y
el,el,Y
el,el,Y
el,el,Y
el,el,Y
el,el,Y
el,el,Y
el,el,Y
el,el,Y
el,el,Y
el,el,Y
el,el,Y
el,el,Y
el,el,Y
el,el,Y
el,el,Y
el,el,Y
el,el,Y
el,el,Y
el,el,Y
el,el,Y
el,el,Y
el,el,Y
el,el,Y
el,el,Y
el,el,Y
el,el,Y
el,el,Y
el,el,Y
el,el,Y
el,el,Y
el,el,Y
el,el,Y
el,el,Y
el,el,Y
el,el,Y
el,el,Y
el,el,Y
el,el,Y
el,el,Y
el,el,Y
el,el,Y
el,el,Y
el,el,Y
el,el,Y
el,el,Y
el,el,Y
el,el,Y
el,el,Y
el,el,Y
el,el,Y
el,el,Y
el,el,Y
el,el,Y
el,el,Y
el,el,Y
el,el,Y
el,el,Y
el,el,Y
el,el,Y
el,el,Y
el,el,Y
el,el,Y
el,el,Y
el,el,Y
el,el,Y
el,el,Y
el,el,Y
el,el,Y
el,el,Y
el,el,Y
el,el,Y
el,el,Y
el,el,Y
el,el,Y
el,el,Y
el,el,Y
el,el,Y
el,el,Y
el,el,Y
el,el,Y
el,el,Y
el,el,Y
el,el,Y
el,el,Y
el,el,Y
el,el,Y
el,el,Y
el,el,Y
el,el,Y
el,el,Y
el,el,Y
el,el,Y
el,el,Y
el,el,Y
el,el,Y
el,el,Y
el,el,Y
el,el,Y
el,el,Y
el,el,Y
el,el,Y
el,el,Y
el,el,Y
el,el,Y
el,el,Y
el,el,Y
el,el,Y
el,el,Y
el,el,Y
el,el,Y
el,el,Y
el,el,Y
el,el,Y
el,el,Y
el,el,Y
el,el,Y
el,el,Y
el,el,Y
el,el,Y
el,el,Y
el,el,Y
el,el,Y
el,el,Y
el,el,Y
el,el,Y
el,el,Y
el,el,Y
el,el,Y
el,el,Y
el,el,Y
el,el,Y
el,el,Y
el,el,Y
el,el,Y
el,el,Y
el,el,Y
el,el,Y
el,el,Y
el,el,Y
el,el,Y
el,el,Y
el,el,Y
el,el,Y
el,el,Y
el,el,Y
el,el,Y
el,el,Y
el,el,Y
el,el,Y
el,el,Y
el,el,Y
el,el,Y
el,el,Y
el,el,Y
el,el,Y
el,el,Y
el,el,Y
el,el,Y
el,el,Y
el,el,Y
el,el,Y
el,el,Y
el,el,Y
el,el,Y
el,el,Y
el,el,Y
el,el,Y
el,el,Y
el,el,Y
el,el,Y
el,el,Y
el,el,Y
el,el,Y
el,el,Y
el,el,Y
el,el,Y
el,el,Y
el,el,Y
el,el,Y
el,el,Y
el,el,Y
el,el,Y
el,el,Y
el,el,Y
el,el,Y
el,el,Y
el,el,Y
el,el,Y
el,el,Y
el,el,Y
el,el,Y
el,el,Y
el,el,Y
el,el,Y
el,el,Y
el,el,Y
el,el,Y
el,el,Y
el,el,Y
el,el,Y
el,el,Y
el,el,Y
el,el,Y
el,el,Y
el,el,Y
el,el,Y
el,el,Y
el,el,Y
el,el,Y
el,el,Y
el,el,Y
el,el,Y
el,el,Y
el,el,Y
el,el,Y
el,el,Y
el,el,Y
el,el,Y
el,el,Y
ru,ru,Y
ru,ru,Y
ru,ru,Y
ru,ru,Y
ru,ru,Y
ru,ru,Y
ru,ru,Y
ru,ru,Y
ru,ru,Y
ru,ru,Y
ru,ru,Y
ru,ru,Y
ru,ru,Y
ru,ru,Y
ru,ru,Y
ru,ru,Y
ru,ru,Y
ru,ru,Y
ru,ru,Y
ru,ru,Y
ru,ru,Y
ru,ru,Y
ru,ru,Y
ru,ru,Y
ru,ru,Y
ru,ru,Y
ru,ru,Y
ru,ru,Y
ru,ru,Y
ru,ru,Y
ru,ru,Y
ru,bg,N
ru,ru,Y
ru,ru,Y
ru,ru,Y
ru,ru,Y
ru,ru,Y
ru,ru,Y
ru,ru,Y
ru,ru,Y
ru,ru,Y
ru,null,N
ru,ru,Y
ru,ru,Y
ru,ru,Y
ru,ru,Y
ru,ru,Y
ru,ru,Y
ru,ru,Y
ru,ru,Y
ru,ru,Y
ru,ru,Y
ru,ru,Y
ru,ru,Y
ru,ru,Y
ru,ru,Y
ru,ru,Y
ru,ru,Y
ru,ru,Y
ru,ru,Y
ru,ru,Y
ru,ru,Y
ru,null,N
ru,ru,Y
ru,ru,Y
ru,ru,Y
ru,ru,Y
ru,ru,Y
ru,ru,Y
ru,ru,Y
ru,ru,Y
ru,ru,Y
ru,ru,Y
ru,ru,Y
ru,ru,Y
ru,ru,Y
ru,ru,Y
ru,ru,Y
ru,ru,Y
ru,ru,Y
ru,ru,Y
ru,ru,Y
ru,ru,Y
ru,ru,Y
ru,ru,Y
ru,ru,Y
ru,ru,Y
ru,ru,Y
ru,ru,Y
ru,bg,N
ru,ru,Y
ru,ru,Y
ru,ru,Y
ru,ru,Y
ru,ru,Y
ru,ru,Y
ru,ru,Y
ru,ru,Y
ru,ru,Y
ru,ru,Y
ru,ru,Y
ru,ru,Y
ru,ru,Y
ru,ru,Y
ru,ru,Y
ru,ru,Y
ru,ru,Y
ru,ru,Y
ru,ru,Y
ru,ru,Y
ru,ru,Y
ru,ru,Y
ru,ru,Y
ru,ru,Y
ru,ru,Y
ru,ru,Y
ru,ru,Y
ru,ru,Y
ru,ru,Y
ru,ru,Y
ru,ru,Y
ru,ru,Y
ru,ru,Y
ru,ru,Y
ru,ru,Y
ru,ru,Y
ru,ru,Y
ru,ru,Y
ru,ru,Y
ru,ru,Y
ru,bg,N
ru,ru,Y
ru,ru,Y
ru,ru,Y
ru,ru,Y
ru,ru,Y
ru,ru,Y
ru,ru,Y
ru,ru,Y
ru,ru,Y
ru,ru,Y
ru,ru,Y
ru,ru,Y
ru,ru,Y
ru,ru,Y
ru,ru,Y
ru,ru,Y
ru,ru,Y
ru,ru,Y
ru,ru,Y
ru,ru,Y
ru,ru,Y
ru,ru,Y
ru,ru,Y
ru,ru,Y
ru,ru,Y
ru,ru,Y
ru,ru,Y
ru,ru,Y
ru,ru,Y
ru,ru,Y
ru,ru,Y
ru,ru,Y
ru,ru,Y
ru,ru,Y
ru,ru,Y
ru,ru,Y
ru,ru,Y
ru,ru,Y
ru,ru,Y
ru,ru,Y
ru,ru,Y
ru,ru,Y
ru,ru,Y
ru,ru,Y
ru,ru,Y
ru,ru,Y
ru,ru,Y
ru,ru,Y
ru,ru,Y
ru,ru,Y
ru,ru,Y
ru,ru,Y
ru,ru,Y
ru,ru,Y
ru,bg,N
ru,ru,Y
ru,ru,Y
ru,ru,Y
ru,ru,Y
ru,ru,Y
ru,ru,Y
ru,ru,Y
ru,ru,Y
ru,ru,Y
ru,ru,Y
ru,ru,Y
ru,ru,Y
ru,ru,Y
ru,ru,Y
ru,ru,Y
ru,ru,Y
ru,ru,Y
ru,ru,Y
ru,ru,Y
ru,ru,Y
ru,ru,Y
ru,ru,Y
ru,ru,Y
ru,ru,Y
ru,ru,Y
ru,ru,Y
ru,ru,Y
ru,ru,Y
ru,ru,Y
ru,ru,Y
ru,ru,Y
ru,ru,Y
ru,ru,Y
ru,ru,Y
ru,ru,Y
ru,ru,Y
ru,ru,Y
ru,ru,Y
ru,ru,Y
ru,ru,Y
ru,ru,Y
ru,ru,Y
ru,ru,Y
ru,ru,Y
ru,ru,Y
ru,ru,Y
ru,ru,Y
ru,ru,Y
ru,ru,Y
ru,ru,Y
ru,ru,Y
ru,ru,Y
ru,ru,Y
ru,ru,Y
ru,ru,Y
ru,ru,Y
ru,ru,Y
ru,ru,Y
ru,ru,Y
ru,ru,Y
ru,ru,Y
ru,ru,Y
ru,ru,Y
ru,ru,Y
ru,ru,Y
ru,ru,Y
ru,ru,Y
ru,ru,Y
ru,ru,Y
ru,ru,Y
ru,ru,Y
ru,ru,Y
ru,ru,Y
ru,ru,Y
ru,ru,Y
ru,ru,Y
ru,ru,Y
ru,ru,Y
ru,ru,Y
ru,ru,Y
ru,ru,Y
ru,ru,Y
ru,bg,N
ru,ru,Y
ru,ru,Y
ru,ru,Y
ru,ru,Y
ru,ru,Y
ru,ru,Y
ru,ru,Y
ru,ru,Y
ru,ru,Y
ru,ru,Y
ru,ru,Y
ru,ru,Y
ru,ru,Y
ru,ru,Y
ru,ru,Y
ru,ru,Y
ru,et,N
ru,ru,Y
ru,ru,Y
ru,ru,Y
ru,ru,Y
ru,ru,Y
ru,ru,Y
ru,ru,Y
ru,ru,Y
ru,ru,Y
ru,ru,Y
ru,ru,Y
ru,ru,Y
ru,ru,Y
ru,ru,Y
ru,ru,Y
ru,ru,Y
ru,ru,Y
ru,ru,Y
ru,ru,Y
ru,ru,Y
ru,ru,Y
ru,ru,Y
ru,ru,Y
ru,ru,Y
ru,ru,Y
ru,ru,Y
ru,ru,Y
ru,ru,Y
ru,ru,Y
ru,ru,Y
ru,ru,Y
ru,ru,Y
ru,ru,Y
ru,ru,Y
ru,ru,Y
ru,ru,Y
ru,ru,Y
ru,ru,Y
ru,ru,Y
ru,ru,Y
ru,ru,Y
ru,ru,Y
ru,ru,Y
ru,ru,Y
ru,ru,Y
ru,ru,Y
ru,ru,Y
ru,ru,Y
ru,ru,Y
ru,ru,Y
ru,ru,Y
ru,ru,Y
ru,ru,Y
ru,ru,Y
ru,ru,Y
ru,ru,Y
ru,ru,Y
ru,ru,Y
ru,ru,Y
ru,ru,Y
ru,ru,Y
ru,ru,Y
ru,ru,Y
ru,ru,Y
ru,ru,Y
ru,ru,Y
ru,ru,Y
ru,ru,Y
ru,ru,Y
ru,ru,Y
ru,ru,Y
ru,ru,Y
ru,ru,Y
ru,ru,Y
ru,ru,Y
ru,ru,Y
ru,ru,Y
ru,ru,Y
ru,ru,Y
ru,ru,Y
ru,ru,Y
ru,ru,Y
ru,ru,Y
ru,ru,Y
ru,ru,Y
ru,ru,Y
ru,ru,Y
ru,ru,Y
ru,ru,Y
ru,ru,Y
ru,ru,Y
ru,ru,Y
ru,ru,Y
ru,ru,Y
ru,bg,N
ru,ru,Y
ru,ru,Y
ru,ru,Y
ru,ru,Y
ru,ru,Y
ru,ru,Y
ru,ru,Y
ru,ru,Y
ru,ru,Y
ru,ru,Y
ru,mk,N
ru,mk,N
ru,ru,Y
ru,ru,Y
ru,ru,Y
ru,ru,Y
ru,ru,Y
ru,ru,Y
ru,ru,Y
ru,ru,Y
ru,ru,Y
ru,ru,Y
ru,ru,Y
ru,ru,Y
ru,ru,Y
ru,ru,Y
ru,ru,Y
ru,ru,Y
ru,ru,Y
ru,ru,Y
ru,ru,Y
ru,ru,Y
ru,ru,Y
ru,ru,Y
ru,ru,Y
ru,ru,Y
ru,ru,Y
ru,ru,Y
ru,ru,Y
ru,ru,Y
ru,ru,Y
ru,ru,Y
ru,ru,Y
ru,ru,Y
ru,ru,Y
ru,ru,Y
ru,ru,Y
ru,ru,Y
ru,ru,Y
ru,ru,Y
ru,bg,N
ru,mk,N
ru,ru,Y
ru,ru,Y
ru,ru,Y
ru,ru,Y
ru,ru,Y
ru,ru,Y
ru,ru,Y
ru,ru,Y
ru,ru,Y
ru,ru,Y
ru,ru,Y
ru,ru,Y
ru,ru,Y
ru,ru,Y
ru,ru,Y
ru,ru,Y
ru,ru,Y
ru,ru,Y
ru,ru,Y
ru,ru,Y
ru,ru,Y
ru,ru,Y
ru,ru,Y
ru,ru,Y
ru,ru,Y
ru,ru,Y
ru,ru,Y
ru,ru,Y
ru,ru,Y
ru,ru,Y
ru,ru,Y
ru,ru,Y
ru,ru,Y
ru,ru,Y
ru,ru,Y
ru,ru,Y
ru,ru,Y
ru,ru,Y
ru,ru,Y
ru,ru,Y
ru,ru,Y
ru,ru,Y
ru,ru,Y
ru,ru,Y
ru,ru,Y
ru,ru,Y
ru,ru,Y
ru,ru,Y
ru,ru,Y
ru,ru,Y
ru,ru,Y
ru,ru,Y
ru,ru,Y
ru,ru,Y
ru,ru,Y
ru,ru,Y
ru,ru,Y
ru,uk,N
ru,ru,Y
ru,ru,Y
ru,ru,Y
ru,ru,Y
ru,ru,Y
ru,ru,Y
ru,ru,Y
ru,ru,Y
ru,bg,N
ru,bg,N
ru,ru,Y
ru,ru,Y
ru,uk,N
ru,ru,Y
ru,ru,Y
ru,ru,Y
ru,ru,Y
ru,ru,Y
ru,ru,Y
ru,ru,Y
ru,ru,Y
ru,ru,Y
ru,ru,Y
ru,ru,Y
ru,mk,N
ru,ru,Y
ru,ru,Y
ru,ru,Y
ru,mk,N
ru,ru,Y
ru,bg,N
ru,ru,Y
ru,ru,Y
ru,ru,Y
ru,ru,Y
ru,ru,Y
ru,ru,Y
ru,ru,Y
ru,ru,Y
ru,ru,Y
ru,ru,Y
ru,ru,Y
ru,ru,Y
ru,ru,Y
ru,ru,Y
ru,ru,Y
ru,ru,Y
ru,ru,Y
ru,ru,Y
ru,ru,Y
ru,ru,Y
ru,uk,N
ru,bg,N
ru,ru,Y
ru,ru,Y
ru,ru,Y
ru,ru,Y
ru,ru,Y
ru,ru,Y
ru,ru,Y
ru,ru,Y
ru,ru,Y
ru,ru,Y
ru,ru,Y
ru,ru,Y
ru,bg,N
ru,ru,Y
ru,ru,Y
ru,ru,Y
ru,ru,Y
ru,mk,N
ru,ru,Y
ru,uk,N
ru,ru,Y
ru,ru,Y
ru,ru,Y
ru,ru,Y
ru,ru,Y
ru,ru,Y
ru,ru,Y
ru,ru,Y
ru,ru,Y
ru,ru,Y
ru,ru,Y
ru,ru,Y
ru,ru,Y
ru,ru,Y
ru,ru,Y
ru,ru,Y
ru,ru,Y
ru,ru,Y
ru,ru,Y
ru,ru,Y
ru,ru,Y
ru,ru,Y
ru,ru,Y
ru,ru,Y
ru,ru,Y
ru,bg,N
ru,ru,Y
ru,ru,Y
ru,ru,Y
ru,uk,N
ru,ru,Y
ru,ru,Y
ru,ru,Y
ru,ru,Y
ru,ru,Y
ru,uk,N
ru,uk,N
ru,bg,N
ru,uk,N
ru,ru,Y
ru,ru,Y
ru,ru,Y
ru,ru,Y
ru,bg,N
ru,ru,Y
ru,ru,Y
ru,ru,Y
ru,uk,N
ru,ru,Y
ru,ru,Y
ru,ru,Y
ru,ru,Y
ru,ru,Y
ru,ru,Y
ru,ru,Y
ru,ru,Y
ru,ru,Y
ru,ru,Y
ru,ru,Y
ru,ru,Y
ru,ru,Y
ru,ru,Y
ru,uk,N
ru,bg,N
ru,ru,Y
ru,ru,Y
ru,ru,Y
ru,ru,Y
ru,ru,Y
ru,ru,Y
ru,ru,Y
ru,ru,Y
ru,ru,Y
ru,ru,Y
ru,ru,Y
ru,ru,Y
ru,ru,Y
ru,ru,Y
ru,ru,Y
ru,ru,Y
ru,ru,Y
ru,ru,Y
ru,ru,Y
ru,ru,Y
ru,ru,Y
ru,ru,Y
ru,ru,Y
ru,ru,Y
ru,ru,Y
ru,ru,Y
ru,ru,Y
ru,ru,Y
ru,ru,Y
ru,ru,Y
ru,ru,Y
ru,ru,Y
ru,ru,Y
ru,ru,Y
ru,ru,Y
ru,ru,Y
ru,ru,Y
ru,ru,Y
ru,ru,Y
ru,ru,Y
ru,ru,Y
ru,ru,Y
ru,ru,Y
ru,ru,Y
ru,ru,Y
ru,ru,Y
ru,ru,Y
ru,bg,N
ru,ru,Y
ru,ru,Y
ru,ru,Y
ru,ru,Y
ru,ru,Y
ru,ru,Y
ru,ru,Y
ru,ru,Y
ru,ru,Y
ru,ru,Y
ru,ru,Y
ru,ru,Y
ru,ru,Y
ru,ru,Y
ru,ru,Y
ru,ru,Y
da,da,Y
da,da,Y
da,da,Y
da,da,Y
da,da,Y
da,da,Y
da,da,Y
da,da,Y
da,da,Y
da,da,Y
da,da,Y
da,en,N
da,da,Y
da,da,Y
da,da,Y
da,da,Y
da,da,Y
da,da,Y
da,de,N
da,da,Y
da,da,Y
da,da,Y
da,da,Y
da,da,Y
da,da,Y
da,da,Y
da,da,Y
da,da,Y
da,no,N
da,sq,N
da,da,Y
da,da,Y
da,da,Y
da,no,N
da,da,Y
da,da,Y
da,no,N
da,da,Y
da,da,Y
da,da,Y
da,da,Y
da,da,Y
da,da,Y
da,da,Y
da,da,Y
da,da,Y
da,da,Y
da,no,N
da,da,Y
da,no,N
da,no,N
da,da,Y
da,da,Y
da,da,Y
da,da,Y
da,da,Y
da,da,Y
da,da,Y
da,da,Y
da,da,Y
da,da,Y
da,sv,N
da,da,Y
da,da,Y
da,sv,N
da,da,Y
da,da,Y
da,da,Y
da,da,Y
da,da,Y
da,da,Y
da,da,Y
da,da,Y
da,da,Y
da,da,Y
da,da,Y
da,da,Y
da,da,Y
da,da,Y
da,da,Y
da,da,Y
da,da,Y
da,en,N
da,da,Y
da,da,Y
da,da,Y
da,da,Y
da,da,Y
da,no,N
da,da,Y
da,da,Y
da,da,Y
da,da,Y
da,da,Y
da,da,Y
da,da,Y
da,da,Y
da,da,Y
da,da,Y
da,da,Y
da,da,Y
da,da,Y
da,da,Y
da,da,Y
da,da,Y
da,da,Y
da,da,Y
da,da,Y
da,da,Y
da,da,Y
da,no,N
da,da,Y
da,da,Y
da,da,Y
da,no,N
da,da,Y
da,da,Y
da,da,Y
da,da,Y
da,da,Y
da,da,Y
da,da,Y
da,da,Y
da,da,Y
da,da,Y
da,da,Y
da,da,Y
da,da,Y
da,da,Y
da,da,Y
da,da,Y
da,da,Y
da,da,Y
da,da,Y
da,da,Y
da,da,Y
da,da,Y
da,da,Y
da,da,Y
da,da,Y
da,da,Y
da,da,Y
da,da,Y
da,da,Y
da,da,Y
da,da,Y
da,da,Y
da,no,N
da,da,Y
da,da,Y
da,da,Y
da,da,Y
da,da,Y
da,da,Y
da,da,Y
da,da,Y
da,da,Y
da,da,Y
da,no,N
da,da,Y
da,da,Y
da,da,Y
da,da,Y
da,da,Y
da,da,Y
da,da,Y
da,da,Y
da,da,Y
da,da,Y
da,da,Y
da,da,Y
da,da,Y
da,da,Y
da,da,Y
da,da,Y
da,no,N
da,no,N
da,so,N
da,no,N
da,nl,N
da,da,Y
da,da,Y
da,da,Y
da,da,Y
da,da,Y
da,no,N
da,da,Y
da,da,Y
da,da,Y
da,da,Y
da,da,Y
da,da,Y
da,da,Y
da,da,Y
da,da,Y
da,da,Y
da,da,Y
da,da,Y
da,da,Y
da,da,Y
da,da,Y
da,da,Y
da,da,Y
da,da,Y
da,fr,N
da,da,Y
da,da,Y
da,da,Y
da,da,Y
da,da,Y
da,da,Y
da,da,Y
da,da,Y
da,hr,N
da,da,Y
da,da,Y
da,da,Y
da,da,Y
da,da,Y
da,da,Y
da,da,Y
da,da,Y
da,da,Y
da,so,N
da,sv,N
da,da,Y
da,da,Y
da,da,Y
da,da,Y
da,da,Y
da,da,Y
da,da,Y
da,da,Y
da,da,Y
da,no,N
da,da,Y
da,da,Y
da,da,Y
da,no,N
da,da,Y
da,da,Y
da,da,Y
da,da,Y
da,da,Y
da,da,Y
da,da,Y
da,da,Y
da,da,Y
da,da,Y
da,da,Y
da,no,N
da,sv,N
da,da,Y
da,da,Y
da,da,Y
da,da,Y
da,da,Y
da,da,Y
da,da,Y
da,da,Y
da,so,N
da,da,Y
da,da,Y
da,da,Y
da,da,Y
da,da,Y
da,da,Y
da,id,N
da,da,Y
da,da,Y
da,da,Y
da,no,N
da,da,Y
da,no,N
da,da,Y
da,da,Y
da,da,Y
da,no,N
da,da,Y
da,af,N
da,da,Y
da,da,Y
da,da,Y
da,da,Y
da,da,Y
da,da,Y
da,da,Y
da,da,Y
da,da,Y
da,da,Y
da,da,Y
da,da,Y
da,da,Y
da,da,Y
da,da,Y
da,da,Y
da,da,Y
da,no,N
da,da,Y
da,da,Y
da,da,Y
da,no,N
da,nl,N
da,da,Y
da,da,Y
da,no,N
da,da,Y
da,da,Y
da,da,Y
da,da,Y
da,no,N
da,da,Y
da,da,Y
da,no,N
da,da,Y
da,da,Y
da,no,N
da,da,Y
da,da,Y
da,da,Y
da,da,Y
da,no,N
da,no,N
da,no,N
da,da,Y
da,no,N
da,da,Y
da,da,Y
da,no,N
da,da,Y
da,da,Y
da,no,N
da,da,Y
da,da,Y
da,da,Y
da,da,Y
da,da,Y
da,no,N
da,da,Y
da,no,N
da,da,Y
da,da,Y
da,no,N
da,da,Y
da,da,Y
da,no,N
da,no,N
da,da,Y
da,no,N
da,da,Y
da,af,N
da,da,Y
da,da,Y
da,et,N
da,da,Y
da,da,Y
da,hr,N
da,no,N
da,et,N
da,da,Y
da,da,Y
da,af,N
da,da,Y
da,da,Y
da,no,N
da,da,Y
da,da,Y
da,da,Y
da,da,Y
da,da,Y
da,da,Y
da,da,Y
da,da,Y
da,da,Y
da,no,N
da,no,N
da,da,Y
da,da,Y
da,da,Y
da,da,Y
da,da,Y
da,da,Y
da,da,Y
da,da,Y
da,da,Y
da,da,Y
da,da,Y
da,da,Y
da,da,Y
da,da,Y
da,da,Y
da,da,Y
da,da,Y
da,da,Y
da,da,Y
da,da,Y
da,da,Y
da,da,Y
da,da,Y
da,da,Y
da,da,Y
da,da,Y
da,da,Y
da,da,Y
da,da,Y
da,da,Y
da,da,Y
da,da,Y
da,da,Y
da,da,Y
da,da,Y
da,da,Y
da,da,Y
da,da,Y
da,da,Y
da,da,Y
da,no,N
da,da,Y
da,da,Y
da,da,Y
da,da,Y
da,da,Y
da,da,Y
da,da,Y
da,da,Y
da,da,Y
da,da,Y
da,da,Y
it,it,Y
it,it,Y
it,it,Y
it,it,Y
it,it,Y
it,it,Y
it,it,Y
it,it,Y
it,it,Y
it,it,Y
it,it,Y
it,it,Y
it,it,Y
it,it,Y
it,it,Y
it,it,Y
it,it,Y
it,it,Y
it,it,Y
it,it,Y
it,it,Y
it,it,Y
it,it,Y
it,it,Y
it,it,Y
it,it,Y
it,it,Y
it,it,Y
it,it,Y
it,it,Y
it,it,Y
it,it,Y
it,it,Y
it,it,Y
it,it,Y
it,it,Y
it,it,Y
it,it,Y
it,it,Y
it,it,Y
it,it,Y
it,it,Y
it,it,Y
it,it,Y
it,it,Y
it,it,Y
it,it,Y
it,it,Y
it,it,Y
it,it,Y
it,it,Y
it,it,Y
it,it,Y
it,it,Y
it,it,Y
it,it,Y
it,it,Y
it,it,Y
it,it,Y
it,it,Y
it,it,Y
it,it,Y
it,it,Y
it,it,Y
it,it,Y
it,it,Y
it,it,Y
it,it,Y
it,it,Y
it,it,Y
it,it,Y
it,it,Y
it,it,Y
it,it,Y
it,it,Y
it,it,Y
it,it,Y
it,it,Y
it,it,Y
it,it,Y
it,it,Y
it,it,Y
it,it,Y
it,it,Y
it,it,Y
it,it,Y
it,it,Y
it,it,Y
it,it,Y
it,it,Y
it,it,Y
it,it,Y
it,it,Y
it,it,Y
it,it,Y
it,it,Y
it,it,Y
it,it,Y
it,it,Y
it,it,Y
it,it,Y
it,it,Y
it,it,Y
it,it,Y
it,it,Y
it,it,Y
it,it,Y
it,it,Y
it,it,Y
it,it,Y
it,it,Y
it,it,Y
it,it,Y
it,it,Y
it,it,Y
it,it,Y
it,it,Y
it,it,Y
it,it,Y
it,it,Y
it,it,Y
it,it,Y
it,it,Y
it,it,Y
it,it,Y
it,it,Y
it,it,Y
it,it,Y
it,it,Y
it,it,Y
it,it,Y
it,it,Y
it,it,Y
it,it,Y
it,it,Y
it,it,Y
it,it,Y
it,it,Y
it,it,Y
it,it,Y
it,it,Y
it,it,Y
it,it,Y
it,it,Y
it,it,Y
it,it,Y
it,it,Y
it,it,Y
it,it,Y
it,it,Y
it,it,Y
it,it,Y
it,it,Y
it,it,Y
it,it,Y
it,it,Y
it,it,Y
it,it,Y
it,it,Y
it,it,Y
it,it,Y
it,it,Y
it,it,Y
it,it,Y
it,it,Y
it,it,Y
it,it,Y
it,it,Y
it,it,Y
it,it,Y
it,it,Y
it,it,Y
it,it,Y
it,it,Y
it,it,Y
it,it,Y
it,it,Y
it,it,Y
it,it,Y
it,it,Y
it,it,Y
it,it,Y
it,it,Y
it,it,Y
it,it,Y
it,it,Y
it,it,Y
it,it,Y
it,it,Y
it,it,Y
it,it,Y
it,it,Y
it,it,Y
it,it,Y
it,it,Y
it,it,Y
it,it,Y
it,it,Y
it,it,Y
it,it,Y
it,it,Y
it,it,Y
it,it,Y
it,it,Y
it,it,Y
it,it,Y
it,it,Y
it,it,Y
it,it,Y
it,it,Y
it,it,Y
it,it,Y
it,it,Y
it,it,Y
it,it,Y
it,it,Y
it,it,Y
it,it,Y
it,it,Y
it,it,Y
it,it,Y
it,it,Y
it,it,Y
it,it,Y
it,it,Y
it,it,Y
it,it,Y
it,it,Y
it,it,Y
it,it,Y
it,it,Y
it,it,Y
it,it,Y
it,it,Y
it,it,Y
it,it,Y
it,it,Y
it,it,Y
it,it,Y
it,it,Y
it,it,Y
it,it,Y
it,it,Y
it,it,Y
it,it,Y
it,it,Y
it,it,Y
it,it,Y
it,it,Y
it,it,Y
it,it,Y
it,it,Y
it,it,Y
it,it,Y
it,it,Y
it,it,Y
it,it,Y
it,it,Y
it,it,Y
it,it,Y
it,it,Y
it,it,Y
it,it,Y
it,it,Y
it,it,Y
it,it,Y
it,it,Y
it,it,Y
it,it,Y
it,it,Y
it,it,Y
it,it,Y
it,it,Y
it,it,Y
it,it,Y
it,it,Y
it,it,Y
it,it,Y
it,it,Y
it,it,Y
it,it,Y
it,it,Y
it,it,Y
it,it,Y
it,it,Y
it,it,Y
it,it,Y
it,it,Y
it,it,Y
it,it,Y
it,it,Y
it,it,Y
it,it,Y
it,it,Y
it,it,Y
it,it,Y
it,it,Y
it,it,Y
it,it,Y
it,it,Y
it,it,Y
it,it,Y
it,it,Y
it,it,Y
it,it,Y
it,it,Y
it,it,Y
it,it,Y
it,it,Y
it,it,Y
it,it,Y
it,it,Y
it,it,Y
it,it,Y
it,it,Y
it,it,Y
it,it,Y
it,it,Y
it,it,Y
it,it,Y
it,it,Y
it,it,Y
it,it,Y
it,it,Y
it,it,Y
it,it,Y
it,it,Y
it,it,Y
it,it,Y
it,it,Y
it,it,Y
it,it,Y
it,it,Y
it,it,Y
it,it,Y
it,it,Y
it,it,Y
it,it,Y
it,it,Y
it,it,Y
it,it,Y
it,it,Y
it,it,Y
it,it,Y
it,it,Y
it,it,Y
it,it,Y
it,it,Y
it,it,Y
it,it,Y
it,it,Y
it,it,Y
it,it,Y
it,it,Y
it,it,Y
it,it,Y
it,it,Y
it,it,Y
it,it,Y
it,it,Y
it,it,Y
it,it,Y
it,it,Y
it,it,Y
it,it,Y
it,it,Y
it,it,Y
it,it,Y
it,it,Y
it,it,Y
it,it,Y
it,it,Y
it,it,Y
it,it,Y
it,it,Y
it,it,Y
it,it,Y
it,it,Y
it,it,Y
it,it,Y
it,it,Y
it,it,Y
it,it,Y
it,it,Y
it,it,Y
it,it,Y
it,es,N
it,it,Y
it,it,Y
it,it,Y
it,it,Y
it,it,Y
it,it,Y
it,it,Y
it,it,Y
it,it,Y
it,it,Y
it,it,Y
it,it,Y
it,it,Y
it,it,Y
it,it,Y
it,it,Y
it,it,Y
it,it,Y
it,it,Y
it,it,Y
it,it,Y
it,it,Y
it,it,Y
it,it,Y
it,it,Y
it,it,Y
it,ca,N
it,it,Y
it,it,Y
it,it,Y
it,it,Y
it,it,Y
it,it,Y
it,it,Y
it,ro,N
it,it,Y
it,it,Y
it,it,Y
it,it,Y
it,it,Y
it,it,Y
it,it,Y
it,it,Y
it,it,Y
it,it,Y
it,it,Y
it,it,Y
it,it,Y
it,it,Y
it,no,N
it,it,Y
it,it,Y
it,it,Y
it,it,Y
it,it,Y
it,it,Y
it,it,Y
it,it,Y
it,it,Y
it,it,Y
it,it,Y
it,it,Y
it,lt,N
it,it,Y
it,it,Y
it,it,Y
it,it,Y
it,it,Y
it,it,Y
it,de,N
it,es,N
it,it,Y
it,it,Y
it,it,Y
it,it,Y
it,it,Y
it,it,Y
it,it,Y
it,it,Y
it,it,Y
it,it,Y
it,it,Y
it,it,Y
it,it,Y
it,it,Y
it,it,Y
it,it,Y
it,it,Y
it,it,Y
it,it,Y
it,it,Y
it,it,Y
it,it,Y
it,it,Y
it,it,Y
it,it,Y
it,it,Y
it,id,N
it,it,Y
it,it,Y
it,it,Y
it,it,Y
it,it,Y
it,it,Y
it,it,Y
it,it,Y
it,it,Y
it,lt,N
it,ro,N
it,it,Y
it,it,Y
it,it,Y
it,it,Y
it,it,Y
it,it,Y
it,it,Y
it,it,Y
it,it,Y
it,pt,N
it,it,Y
it,es,N
it,it,Y
it,it,Y
it,it,Y
it,it,Y
it,it,Y
it,it,Y
it,lt,N
it,it,Y
it,it,Y
it,it,Y
it,pt,N
it,it,Y
it,it,Y
it,it,Y
it,it,Y
it,it,Y
it,pt,N
it,it,Y
it,it,Y
it,it,Y
it,lt,N
it,it,Y
it,it,Y
it,it,Y
it,it,Y
it,it,Y
it,it,Y
it,it,Y
it,sq,N
it,tl,N
it,it,Y
it,it,Y
it,it,Y
it,it,Y
it,it,Y
it,it,Y
it,it,Y
it,it,Y
it,it,Y
it,da,N
it,it,Y
it,it,Y
it,ro,N
it,it,Y
it,it,Y
it,it,Y
it,it,Y
it,it,Y
it,it,Y
it,it,Y
it,hr,N
it,it,Y
it,it,Y
it,it,Y
it,it,Y
it,it,Y
it,pt,N
it,it,Y
it,it,Y
it,it,Y
it,it,Y
it,it,Y
it,it,Y
it,it,Y
it,it,Y
it,it,Y
it,it,Y
it,it,Y
it,es,N
it,it,Y
it,it,Y
it,it,Y
it,lt,N
it,it,Y
it,it,Y
it,it,Y
it,it,Y
it,it,Y
it,it,Y
it,it,Y
it,no,N
it,it,Y
it,it,Y
it,it,Y
it,it,Y
it,it,Y
it,it,Y
it,it,Y
it,it,Y
it,it,Y
it,it,Y
it,it,Y
it,it,Y
it,it,Y
it,it,Y
it,it,Y
it,it,Y
it,it,Y
it,it,Y
it,it,Y
it,it,Y
it,it,Y
it,it,Y
it,it,Y
it,it,Y
it,it,Y
it,it,Y
it,it,Y
it,pt,N
it,it,Y
it,no,N
it,it,Y
it,it,Y
it,it,Y
it,pl,N
it,it,Y
it,it,Y
it,it,Y
it,it,Y
it,it,Y
it,it,Y
it,it,Y
it,it,Y
it,it,Y
it,fr,N
it,it,Y
it,it,Y
it,it,Y
it,it,Y
it,it,Y
it,it,Y
it,it,Y
it,it,Y
it,it,Y
it,it,Y
it,it,Y
it,ca,N
it,it,Y
it,it,Y
it,it,Y
it,it,Y
it,it,Y
it,it,Y
it,it,Y
it,it,Y
it,it,Y
it,it,Y
it,it,Y
it,it,Y
it,it,Y
it,it,Y
it,it,Y
it,it,Y
it,it,Y
it,it,Y
it,it,Y
it,it,Y
it,it,Y
it,it,Y
it,it,Y
it,it,Y
it,it,Y
it,it,Y
it,it,Y
it,it,Y
it,it,Y
it,it,Y
it,it,Y
it,it,Y
it,it,Y
it,it,Y
it,it,Y
it,it,Y
it,it,Y
it,it,Y
it,it,Y
it,it,Y
it,it,Y
it,it,Y
it,it,Y
it,it,Y
it,it,Y
it,it,Y
it,it,Y
it,it,Y
it,it,Y
it,it,Y
it,it,Y
it,it,Y
it,it,Y
tr,tr,Y
tr,tr,Y
tr,tr,Y
tr,tr,Y
tr,tr,Y
tr,tr,Y
tr,tr,Y
tr,tr,Y
tr,tr,Y
tr,tr,Y
tr,tr,Y
tr,tr,Y
tr,tr,Y
tr,tr,Y
tr,tr,Y
tr,tr,Y
tr,tr,Y
tr,tr,Y
tr,tr,Y
tr,tr,Y
tr,tr,Y
tr,tr,Y
tr,tr,Y
tr,tr,Y
tr,tr,Y
tr,tr,Y
tr,tr,Y
tr,tr,Y
tr,tr,Y
tr,tr,Y
tr,tr,Y
tr,tr,Y
tr,tr,Y
tr,tr,Y
tr,tr,Y
tr,tr,Y
tr,tr,Y
tr,tr,Y
tr,tr,Y
tr,tr,Y
tr,tr,Y
tr,tr,Y
tr,tr,Y
tr,tr,Y
tr,tr,Y
tr,tr,Y
tr,tr,Y
tr,tr,Y
tr,tr,Y
tr,tr,Y
tr,tr,Y
tr,tr,Y
tr,tr,Y
tr,tr,Y
tr,tr,Y
tr,tr,Y
tr,tr,Y
tr,tr,Y
tr,tr,Y
tr,tr,Y
tr,tr,Y
tr,tr,Y
tr,tr,Y
tr,tr,Y
tr,tr,Y
tr,tr,Y
tr,tr,Y
tr,tr,Y
tr,tr,Y
tr,tr,Y
tr,tr,Y
tr,tr,Y
tr,tr,Y
tr,tr,Y
tr,tr,Y
tr,tr,Y
tr,tr,Y
tr,tr,Y
tr,tr,Y
tr,tr,Y
tr,tr,Y
tr,tr,Y
tr,tr,Y
tr,tr,Y
tr,tr,Y
tr,tr,Y
tr,tr,Y
tr,tr,Y
tr,tr,Y
tr,tr,Y
tr,tr,Y
tr,tr,Y
tr,tr,Y
tr,tr,Y
tr,tr,Y
tr,id,N
tr,tr,Y
tr,tr,Y
tr,tr,Y
tr,tr,Y
tr,tr,Y
tr,tr,Y
tr,tr,Y
tr,tr,Y
tr,tr,Y
tr,id,N
tr,tr,Y
tr,tr,Y
tr,tr,Y
tr,tr,Y
tr,tr,Y
tr,tr,Y
tr,tr,Y
tr,tr,Y
tr,tr,Y
tr,tr,Y
tr,tr,Y
tr,tr,Y
tr,tr,Y
tr,tr,Y
tr,tr,Y
tr,tr,Y
tr,tr,Y
tr,tr,Y
tr,tr,Y
tr,tr,Y
tr,tr,Y
tr,tr,Y
tr,tr,Y
tr,tr,Y
tr,tr,Y
tr,tr,Y
tr,tr,Y
tr,tr,Y
tr,tr,Y
tr,tr,Y
tr,tr,Y
tr,tr,Y
tr,tr,Y
tr,tr,Y
tr,tr,Y
tr,tr,Y
tr,tr,Y
tr,tr,Y
tr,tr,Y
tr,tr,Y
tr,tr,Y
tr,tr,Y
tr,tr,Y
tr,tr,Y
tr,tr,Y
tr,tr,Y
tr,tr,Y
tr,tr,Y
tr,tr,Y
tr,tr,Y
tr,tr,Y
tr,tr,Y
tr,tr,Y
tr,tr,Y
tr,tr,Y
tr,tr,Y
tr,tr,Y
tr,tr,Y
tr,tr,Y
tr,tr,Y
tr,tr,Y
tr,tr,Y
tr,tr,Y
tr,tr,Y
tr,tr,Y
tr,tr,Y
tr,tr,Y
tr,tr,Y
tr,tr,Y
tr,tr,Y
tr,tr,Y
tr,tr,Y
tr,tr,Y
tr,tr,Y
tr,tr,Y
tr,tr,Y
tr,tr,Y
tr,tr,Y
tr,tr,Y
tr,tr,Y
tr,tr,Y
tr,tr,Y
tr,tr,Y
tr,tr,Y
tr,tr,Y
tr,tr,Y
tr,tr,Y
tr,tr,Y
tr,tr,Y
tr,tr,Y
tr,tr,Y
tr,tr,Y
tr,tr,Y
tr,tr,Y
tr,tr,Y
tr,tr,Y
tr,tr,Y
tr,tr,Y
tr,tr,Y
tr,tr,Y
tr,tr,Y
tr,tr,Y
tr,tr,Y
tr,tr,Y
tr,so,N
tr,tr,Y
tr,tr,Y
tr,tr,Y
tr,tr,Y
tr,tr,Y
tr,tr,Y
tr,tr,Y
tr,tr,Y
tr,tr,Y
tr,tr,Y
tr,tr,Y
tr,tr,Y
tr,tr,Y
tr,tr,Y
tr,tr,Y
tr,tr,Y
tr,tr,Y
tr,tr,Y
tr,tr,Y
tr,tr,Y
tr,tr,Y
tr,tr,Y
tr,tr,Y
tr,tr,Y
tr,tr,Y
tr,tr,Y
tr,tr,Y
tr,tr,Y
tr,tr,Y
tr,tr,Y
tr,tr,Y
tr,tr,Y
tr,tr,Y
tr,tr,Y
tr,tr,Y
tr,tr,Y
tr,tr,Y
tr,tr,Y
tr,tr,Y
tr,tr,Y
tr,tr,Y
tr,tr,Y
tr,tr,Y
tr,tr,Y
tr,tr,Y
tr,tr,Y
tr,tr,Y
tr,cy,N
tr,tr,Y
tr,tr,Y
tr,tr,Y
tr,tr,Y
tr,tr,Y
tr,tr,Y
tr,tr,Y
tr,tr,Y
tr,tr,Y
tr,tr,Y
tr,tr,Y
tr,tr,Y
tr,tr,Y
tr,tr,Y
tr,tr,Y
tr,tr,Y
tr,tr,Y
tr,tr,Y
tr,tr,Y
tr,tr,Y
tr,tr,Y
tr,tr,Y
tr,tr,Y
tr,tr,Y
tr,tr,Y
tr,tr,Y
tr,tr,Y
tr,tr,Y
tr,de,N
tr,id,N
tr,tr,Y
tr,tr,Y
tr,tr,Y
tr,tr,Y
tr,tr,Y
tr,tr,Y
tr,tr,Y
tr,tr,Y
tr,tr,Y
tr,tr,Y
tr,tr,Y
tr,tr,Y
tr,tr,Y
tr,tr,Y
tr,tr,Y
tr,tr,Y
tr,tr,Y
tr,tr,Y
tr,tr,Y
tr,tr,Y
tr,tr,Y
tr,af,N
tr,tr,Y
tr,tr,Y
tr,tr,Y
tr,tr,Y
tr,tr,Y
tr,tr,Y
tr,tr,Y
tr,tr,Y
tr,tr,Y
tr,tr,Y
tr,tr,Y
tr,tr,Y
tr,da,N
tr,tr,Y
tr,tr,Y
tr,tr,Y
tr,tr,Y
tr,de,N
tr,tr,Y
tr,tr,Y
tr,tr,Y
tr,tr,Y
tr,tr,Y
tr,tr,Y
tr,tr,Y
tr,tr,Y
tr,tr,Y
tr,tr,Y
tr,tr,Y
tr,tr,Y
tr,tr,Y
tr,tr,Y
tr,tr,Y
tr,tr,Y
tr,tr,Y
tr,tr,Y
tr,tr,Y
tr,tr,Y
tr,tr,Y
tr,tr,Y
tr,tr,Y
tr,tr,Y
tr,tr,Y
tr,tr,Y
tr,tr,Y
tr,tr,Y
tr,da,N
tr,et,N
tr,tr,Y
tr,tr,Y
tr,tr,Y
tr,tr,Y
tr,tr,Y
tr,tr,Y
tr,so,N
tr,tr,Y
tr,tr,Y
tr,tr,Y
tr,tr,Y
tr,tr,Y
tr,tr,Y
tr,tr,Y
tr,tr,Y
tr,tr,Y
tr,tr,Y
tr,tr,Y
tr,tr,Y
tr,sl,N
tr,tr,Y
tr,tr,Y
tr,da,N
tr,tr,Y
tr,tr,Y
tr,tr,Y
tr,tr,Y
tr,tr,Y
tr,tr,Y
tr,tr,Y
tr,tr,Y
tr,tr,Y
tr,sl,N
tr,tr,Y
tr,tr,Y
tr,tr,Y
tr,tr,Y
tr,tr,Y
tr,tr,Y
tr,tr,Y
tr,hu,N
tr,tr,Y
tr,tr,Y
tr,tr,Y
tr,tr,Y
tr,tr,Y
tr,tr,Y
tr,hr,N
tr,tr,Y
tr,id,N
tr,tr,Y
tr,cs,N
tr,tr,Y
tr,tr,Y
tr,tr,Y
tr,tr,Y
tr,tr,Y
tr,tr,Y
tr,tr,Y
tr,tr,Y
tr,tr,Y
tr,tr,Y
tr,tr,Y
tr,tr,Y
tr,tr,Y
tr,tr,Y
tr,tr,Y
tr,tr,Y
tr,tr,Y
tr,tr,Y
tr,tr,Y
tr,tr,Y
tr,tr,Y
tr,tr,Y
tr,tr,Y
tr,tr,Y
tr,tr,Y
tr,tr,Y
tr,tr,Y
tr,tr,Y
tr,tr,Y
tr,tr,Y
tr,tr,Y
tr,tr,Y
tr,tr,Y
tr,tr,Y
tr,tr,Y
tr,tr,Y
tr,tr,Y
tr,tr,Y
tr,tr,Y
tr,tr,Y
tr,tr,Y
tr,tr,Y
tr,tr,Y
tr,tr,Y
tr,tr,Y
tr,tr,Y
tr,tr,Y
tr,tr,Y
tr,tr,Y
tr,tr,Y
tr,tr,Y
tr,tr,Y
tr,tr,Y
tr,tr,Y
tr,tr,Y
tr,tr,Y
tr,tr,Y
tr,tr,Y
tr,tr,Y
tr,tr,Y
tr,tr,Y
tr,tr,Y
tr,tr,Y
sv,sv,Y
sv,sv,Y
sv,sv,Y
sv,sv,Y
sv,sv,Y
sv,sv,Y
sv,sv,Y
sv,sv,Y
sv,sv,Y
sv,sv,Y
sv,sv,Y
sv,sv,Y
sv,sv,Y
sv,sv,Y
sv,sv,Y
sv,sv,Y
sv,sv,Y
sv,sv,Y
sv,sv,Y
sv,sv,Y
sv,sv,Y
sv,sv,Y
sv,sv,Y
sv,sv,Y
sv,sv,Y
sv,sv,Y
sv,sv,Y
sv,sv,Y
sv,sv,Y
sv,sv,Y
sv,sv,Y
sv,sv,Y
sv,sv,Y
sv,sv,Y
sv,sv,Y
sv,sv,Y
sv,sv,Y
sv,sv,Y
sv,sv,Y
sv,sv,Y
sv,sv,Y
sv,sv,Y
sv,sv,Y
sv,sv,Y
sv,sv,Y
sv,sv,Y
sv,sv,Y
sv,sv,Y
sv,sv,Y
sv,sv,Y
sv,sv,Y
sv,sv,Y
sv,sv,Y
sv,sv,Y
sv,sv,Y
sv,sv,Y
sv,sv,Y
sv,sv,Y
sv,sv,Y
sv,sv,Y
sv,sv,Y
sv,sv,Y
sv,sv,Y
sv,sv,Y
sv,sv,Y
sv,sv,Y
sv,sv,Y
sv,sv,Y
sv,sv,Y
sv,sv,Y
sv,sv,Y
sv,sv,Y
sv,sv,Y
sv,sv,Y
sv,sv,Y
sv,sv,Y
sv,sv,Y
sv,sv,Y
sv,sv,Y
sv,sv,Y
sv,sv,Y
sv,sv,Y
sv,sv,Y
sv,sv,Y
sv,sv,Y
sv,sv,Y
sv,sv,Y
sv,sv,Y
sv,sv,Y
sv,sv,Y
sv,sv,Y
sv,sv,Y
sv,sv,Y
sv,sv,Y
sv,sv,Y
sv,sv,Y
sv,sv,Y
sv,sv,Y
sv,sv,Y
sv,sv,Y
sv,sv,Y
sv,sv,Y
sv,sv,Y
sv,sv,Y
sv,sv,Y
sv,sv,Y
sv,sv,Y
sv,sv,Y
sv,sv,Y
sv,sv,Y
sv,sv,Y
sv,sv,Y
sv,sv,Y
sv,sv,Y
sv,sv,Y
sv,sv,Y
sv,sv,Y
sv,sv,Y
sv,sv,Y
sv,sv,Y
sv,sv,Y
sv,sv,Y
sv,no,N
sv,sv,Y
sv,sv,Y
sv,sv,Y
sv,sv,Y
sv,sv,Y
sv,sv,Y
sv,sv,Y
sv,sv,Y
sv,sv,Y
sv,sv,Y
sv,sv,Y
sv,sv,Y
sv,sv,Y
sv,sv,Y
sv,sv,Y
sv,sv,Y
sv,sv,Y
sv,sv,Y
sv,sv,Y
sv,sv,Y
sv,sv,Y
sv,sv,Y
sv,sv,Y
sv,sv,Y
sv,sv,Y
sv,sv,Y
sv,sv,Y
sv,sv,Y
sv,sv,Y
sv,sv,Y
sv,sv,Y
sv,sv,Y
sv,sv,Y
sv,sv,Y
sv,sv,Y
sv,sv,Y
sv,sv,Y
sv,sv,Y
sv,sv,Y
sv,sv,Y
sv,sv,Y
sv,sv,Y
sv,sv,Y
sv,sv,Y
sv,sv,Y
sv,sv,Y
sv,sv,Y
sv,sv,Y
sv,sv,Y
sv,sv,Y
sv,sv,Y
sv,sv,Y
sv,sv,Y
sv,sv,Y
sv,sv,Y
sv,sv,Y
sv,sv,Y
sv,sv,Y
sv,sv,Y
sv,sv,Y
sv,sv,Y
sv,sv,Y
sv,sv,Y
sv,sv,Y
sv,sv,Y
sv,sv,Y
sv,sv,Y
sv,sv,Y
sv,sv,Y
sv,sv,Y
sv,sv,Y
sv,sv,Y
sv,sv,Y
sv,sv,Y
sv,sv,Y
sv,sv,Y
sv,sv,Y
sv,sv,Y
sv,sv,Y
sv,sv,Y
sv,sv,Y
sv,sv,Y
sv,sv,Y
sv,sv,Y
sv,sv,Y
sv,sv,Y
sv,sv,Y
sv,sv,Y
sv,sv,Y
sv,sv,Y
sv,sv,Y
sv,sv,Y
sv,sv,Y
sv,sv,Y
sv,sv,Y
sv,sv,Y
sv,sv,Y
sv,sv,Y
sv,sv,Y
sv,sv,Y
sv,sv,Y
sv,sv,Y
sv,sv,Y
sv,sv,Y
sv,sv,Y
sv,sv,Y
sv,sv,Y
sv,sv,Y
sv,sv,Y
sv,sv,Y
sv,sv,Y
sv,sv,Y
sv,sv,Y
sv,sv,Y
sv,en,N
sv,sv,Y
sv,sv,Y
sv,sv,Y
sv,sv,Y
sv,sv,Y
sv,sv,Y
sv,sv,Y
sv,sv,Y
sv,sv,Y
sv,sv,Y
sv,sv,Y
sv,sv,Y
sv,sv,Y
sv,sv,Y
sv,sv,Y
sv,sv,Y
sv,sv,Y
sv,sv,Y
sv,sv,Y
sv,sv,Y
sv,sv,Y
sv,sv,Y
sv,sv,Y
sv,sv,Y
sv,sv,Y
sv,sv,Y
sv,sv,Y
sv,sv,Y
sv,sv,Y
sv,sv,Y
sv,sv,Y
sv,sv,Y
sv,sv,Y
sv,sv,Y
sv,no,N
sv,sv,Y
sv,sv,Y
sv,sv,Y
sv,sv,Y
sv,sv,Y
sv,sv,Y
sv,sv,Y
sv,sv,Y
sv,sv,Y
sv,sv,Y
sv,sv,Y
sv,sv,Y
sv,sv,Y
sv,sv,Y
sv,sv,Y
sv,sv,Y
sv,sv,Y
sv,sv,Y
sv,sv,Y
sv,sv,Y
sv,sv,Y
sv,sv,Y
sv,sv,Y
sv,sv,Y
sv,sv,Y
sv,sv,Y
sv,sv,Y
sv,sv,Y
sv,sv,Y
sv,sv,Y
sv,sv,Y
sv,sv,Y
sv,sv,Y
sv,sv,Y
sv,en,N
sv,sv,Y
sv,sv,Y
sv,sv,Y
sv,sv,Y
sv,sv,Y
sv,sv,Y
sv,sv,Y
sv,sv,Y
sv,sv,Y
sv,sv,Y
sv,sv,Y
sv,sv,Y
sv,sv,Y
sv,sv,Y
sv,sv,Y
sv,sv,Y
sv,sv,Y
sv,sv,Y
sv,sv,Y
sv,sv,Y
sv,sv,Y
sv,sv,Y
sv,sv,Y
sv,sv,Y
sv,sv,Y
sv,sv,Y
sv,sv,Y
sv,sv,Y
sv,sv,Y
sv,sv,Y
sv,sv,Y
sv,sv,Y
sv,sv,Y
sv,sv,Y
sv,sv,Y
sv,sv,Y
sv,sv,Y
sv,sv,Y
sv,sv,Y
sv,sv,Y
sv,sv,Y
sv,sv,Y
sv,sv,Y
sv,sv,Y
sv,sv,Y
sv,sv,Y
sv,sv,Y
sv,sv,Y
sv,sv,Y
sv,sv,Y
sv,sv,Y
sv,sv,Y
sv,sv,Y
sv,sv,Y
sv,nl,N
sv,sv,Y
sv,sv,Y
sv,sv,Y
sv,sv,Y
sv,sv,Y
sv,sv,Y
sv,sv,Y
sv,sv,Y
sv,sv,Y
sv,sv,Y
sv,sv,Y
sv,sv,Y
sv,sv,Y
sv,sv,Y
sv,sv,Y
sv,sv,Y
sv,sv,Y
sv,sv,Y
sv,sv,Y
sv,sv,Y
sv,sv,Y
sv,sv,Y
sv,sv,Y
sv,sv,Y
sv,sv,Y
sv,sv,Y
sv,sv,Y
sv,sv,Y
sv,sv,Y
sv,sv,Y
sv,sv,Y
sv,sv,Y
sv,sv,Y
sv,sv,Y
sv,sv,Y
sv,fr,N
sv,sv,Y
sv,sv,Y
sv,sv,Y
sv,sv,Y
sv,sv,Y
sv,sv,Y
sv,sv,Y
sv,sv,Y
sv,sv,Y
sv,sv,Y
sv,sv,Y
sv,sv,Y
sv,id,N
sv,sv,Y
sv,sv,Y
sv,sv,Y
sv,sv,Y
sv,sv,Y
sv,sv,Y
sv,sv,Y
sv,sv,Y
sv,sv,Y
sv,sv,Y
sv,sv,Y
sv,sv,Y
sv,sv,Y
sv,sv,Y
sv,da,N
sv,no,N
sv,id,N
sv,sv,Y
sv,sv,Y
sv,sv,Y
sv,sv,Y
sv,no,N
sv,sv,Y
sv,sv,Y
sv,sv,Y
sv,sv,Y
sv,sv,Y
sv,sv,Y
sv,sv,Y
sv,sv,Y
sv,sv,Y
sv,sv,Y
sv,sv,Y
sv,sv,Y
sv,sv,Y
sv,sv,Y
sv,sv,Y
sv,sv,Y
sv,sv,Y
sv,sv,Y
sv,sv,Y
sv,sv,Y
sv,sv,Y
sv,sv,Y
sv,sv,Y
sv,sv,Y
sv,sv,Y
sv,sv,Y
sv,sv,Y
sv,no,N
sv,sv,Y
sv,sv,Y
sv,sv,Y
sv,sv,Y
sv,sv,Y
sv,sv,Y
sv,sv,Y
sv,sv,Y
sv,sv,Y
sv,da,N
sv,sv,Y
sv,no,N
sv,sv,Y
sv,sv,Y
sv,sv,Y
sv,sv,Y
sv,sv,Y
sv,sv,Y
sv,sv,Y
sv,sv,Y
sv,sv,Y
sv,sv,Y
sv,sv,Y
sv,sv,Y
sv,no,N
sv,sv,Y
sv,sv,Y
sv,sv,Y
sv,sv,Y
sv,sv,Y
sv,sv,Y
sv,sv,Y
sv,sv,Y
sv,et,N
sv,sv,Y
sv,sv,Y
sv,ca,N
sv,sv,Y
sv,sv,Y
sv,sv,Y
sv,sv,Y
sv,sv,Y
sv,sv,Y
sv,sv,Y
sv,sv,Y
sv,sv,Y
sv,sv,Y
sv,sv,Y
sv,sv,Y
sv,sv,Y
sv,sv,Y
sv,sv,Y
sv,sq,N
sv,sv,Y
sv,sv,Y
sv,sv,Y
sv,sv,Y
sv,sv,Y
sv,sv,Y
sv,sv,Y
sv,sv,Y
sv,sv,Y
sv,sv,Y
sv,sv,Y
sv,sv,Y
sv,sv,Y
sv,sv,Y
sv,no,N
sv,sv,Y
sv,sv,Y
sv,sv,Y
sv,sv,Y
sv,sv,Y
sv,sv,Y
sv,sv,Y
sv,da,N
sv,no,N
sv,sv,Y
sv,sv,Y
sv,sv,Y
sv,no,N
sv,sv,Y
sv,sv,Y
sv,no,N
sv,sv,Y
sv,sv,Y
sv,sv,Y
sv,da,N
sv,sv,Y
sv,da,N
sv,sv,Y
sv,sv,Y
sv,sv,Y
sv,sv,Y
sv,no,N
sv,sv,Y
sv,sv,Y
sv,sv,Y
sv,sv,Y
sv,sv,Y
sv,sv,Y
sv,sv,Y
sv,sv,Y
sv,sv,Y
sv,sv,Y
sv,sv,Y
sv,sv,Y
sv,sv,Y
sv,sq,N
sv,sv,Y
sv,sv,Y
sv,sv,Y
sv,sv,Y
sv,sv,Y
sv,sv,Y
sv,sv,Y
sv,sv,Y
sv,sv,Y
sv,sv,Y
sv,sk,N
sv,sv,Y
sv,da,N
sv,sv,Y
sv,nl,N
sv,sv,Y
sv,no,N
sv,sv,Y
sv,sv,Y
sv,sv,Y
sv,sv,Y
sv,sv,Y
sv,sv,Y
sv,sv,Y
sv,sv,Y
sv,sv,Y
sv,sv,Y
sv,sv,Y
sv,sv,Y
sv,sv,Y
sv,id,N
sv,sv,Y
sv,sv,Y
sv,sv,Y
sv,sv,Y
sv,sv,Y
sv,sv,Y
sv,sv,Y
sv,tl,N
sv,sv,Y
sv,sv,Y
sv,sv,Y
sv,hu,N
sv,sv,Y
sv,sv,Y
sv,sv,Y
sv,sv,Y
sv,sv,Y
sv,sv,Y
sv,sv,Y
sv,sv,Y
sv,sv,Y
sv,sl,N
sv,sv,Y
sv,sv,Y
sv,sv,Y
sv,sv,Y
sv,sv,Y
sv,sv,Y
sv,sv,Y
sv,sv,Y
sv,sv,Y
sv,sv,Y
sv,sv,Y
sv,sv,Y
sv,sv,Y
sv,sv,Y
sv,sv,Y
sv,sv,Y
sv,sv,Y
sv,sv,Y
sv,sv,Y
sv,sv,Y
sv,sv,Y
sv,sv,Y
sv,sv,Y
sv,sv,Y
sv,sv,Y
sv,sv,Y
sv,sv,Y
sv,sv,Y
sv,sv,Y
sv,sv,Y
sv,sv,Y
sv,sv,Y
sv,sv,Y
sv,sv,Y
sv,sv,Y
sv,sv,Y
sv,sv,Y
sv,sv,Y
sv,sv,Y
sv,sv,Y
sv,sv,Y
sv,sv,Y
sv,sv,Y
sv,sv,Y
sv,sv,Y
sv,sv,Y
sv,sv,Y
sv,sv,Y
sv,sv,Y
sv,sv,Y
sv,sv,Y
sv,sv,Y
ar,ar,Y
ar,ar,Y
ar,ar,Y
ar,ar,Y
ar,ar,Y
ar,ar,Y
ar,ar,Y
ar,ar,Y
ar,ar,Y
ar,ar,Y
ar,ar,Y
ar,ar,Y
ar,ar,Y
ar,ar,Y
ar,ar,Y
ar,ar,Y
ar,ar,Y
ar,ar,Y
ar,ar,Y
ar,ar,Y
ar,ar,Y
ar,ar,Y
ar,ar,Y
ar,ar,Y
ar,ar,Y
ar,ar,Y
ar,ar,Y
ar,ar,Y
ar,ar,Y
ar,ar,Y
ar,ar,Y
ar,ar,Y
ar,ar,Y
ar,ar,Y
ar,ar,Y
ar,ar,Y
ar,ar,Y
ar,ar,Y
ar,ar,Y
ar,ar,Y
ar,ar,Y
ar,ar,Y
ar,ar,Y
ar,ar,Y
ar,ar,Y
ar,ar,Y
ar,ar,Y
ar,ar,Y
ar,ar,Y
ar,ar,Y
ar,ar,Y
ar,ar,Y
ar,ar,Y
ar,ar,Y
ar,ar,Y
ar,ar,Y
ar,ar,Y
ar,ar,Y
ar,ar,Y
ar,ar,Y
ar,ar,Y
ar,ar,Y
ar,ar,Y
ar,ar,Y
ar,ar,Y
ar,ar,Y
ar,ar,Y
ar,ar,Y
ar,ar,Y
ar,ar,Y
ar,ar,Y
ar,ar,Y
ar,ar,Y
ar,ar,Y
ar,ar,Y
ar,ar,Y
ar,ar,Y
ar,ar,Y
ar,ar,Y
ar,ar,Y
ar,ar,Y
ar,ar,Y
ar,ar,Y
ar,ar,Y
ar,ar,Y
ar,ar,Y
ar,ar,Y
ar,ar,Y
ar,ar,Y
ar,ar,Y
ar,ar,Y
ar,ar,Y
ar,ar,Y
ar,ar,Y
ar,ar,Y
ar,ar,Y
ar,ar,Y
ar,ar,Y
ar,ar,Y
ar,ar,Y
ar,ar,Y
ar,ar,Y
ar,ar,Y
ar,ar,Y
ar,ar,Y
ar,ar,Y
ar,ar,Y
ar,ar,Y
ar,ar,Y
ar,ar,Y
ar,ar,Y
ar,ar,Y
ar,ar,Y
ar,ar,Y
ar,ar,Y
ar,ar,Y
ar,ar,Y
ar,ar,Y
ar,ar,Y
ar,ar,Y
ar,ar,Y
ar,ar,Y
ar,ar,Y
ar,ar,Y
ar,ar,Y
ar,ar,Y
ar,ar,Y
ar,ar,Y
ar,ar,Y
ar,ar,Y
ar,ar,Y
ar,ar,Y
ar,ar,Y
ar,ar,Y
ar,ar,Y
ar,ar,Y
ar,ar,Y
ar,ar,Y
ar,ar,Y
ar,ar,Y
ar,ar,Y
ar,ar,Y
ar,ar,Y
ar,ar,Y
ar,ar,Y
ar,ar,Y
ar,ar,Y
ar,null,N
ar,null,N
ar,ar,Y
ar,ar,Y
ar,ar,Y
ar,ar,Y
ar,ar,Y
ar,ar,Y
ar,ar,Y
ar,ar,Y
ar,ar,Y
ar,ar,Y
ar,ar,Y
ar,ar,Y
ar,ar,Y
ar,ar,Y
ar,ar,Y
ar,ar,Y
ar,ar,Y
ar,ar,Y
ar,ar,Y
ar,ar,Y
ar,ar,Y
ar,ar,Y
ar,ar,Y
ar,ar,Y
ar,ar,Y
ar,ar,Y
ar,ar,Y
ar,ar,Y
ar,ar,Y
ar,ar,Y
ar,ar,Y
ar,ar,Y
ar,ar,Y
ar,ar,Y
ar,ar,Y
ar,ar,Y
ar,ar,Y
ar,ar,Y
ar,ar,Y
ar,ar,Y
ar,ar,Y
ar,ar,Y
ar,ar,Y
ar,ar,Y
ar,ar,Y
ar,ar,Y
ar,ar,Y
ar,ar,Y
ar,ar,Y
ar,ar,Y
ar,ar,Y
ar,ar,Y
ar,ar,Y
ar,ar,Y
ar,ar,Y
ar,ar,Y
ar,ar,Y
ar,ar,Y
ar,ar,Y
ar,ar,Y
ar,ar,Y
ar,ar,Y
ar,ar,Y
ar,ar,Y
ar,ar,Y
ar,ar,Y
ar,ar,Y
ar,ar,Y
ar,ar,Y
ar,ar,Y
ar,ar,Y
ar,ar,Y
ar,ar,Y
ar,ar,Y
ar,ar,Y
ar,ar,Y
ar,ar,Y
ar,ar,Y
ar,ar,Y
ar,ar,Y
ar,ar,Y
ar,ar,Y
ar,ar,Y
ar,ar,Y
ar,ar,Y
ar,ar,Y
ar,ar,Y
ar,ar,Y
ar,ar,Y
ar,ar,Y
ar,ar,Y
ar,ar,Y
ar,ar,Y
ar,ar,Y
ar,ar,Y
ar,ar,Y
ar,ar,Y
ar,ar,Y
ar,ar,Y
ar,ar,Y
ar,ar,Y
ar,ar,Y
ar,ar,Y
ar,ar,Y
ar,ar,Y
ar,ar,Y
ar,ar,Y
ar,ar,Y
ar,ar,Y
ar,ar,Y
ar,ar,Y
ar,ar,Y
ar,ar,Y
ar,ar,Y
ar,ar,Y
ar,ar,Y
ar,ar,Y
ar,ar,Y
ar,ar,Y
ar,ar,Y
ar,ar,Y
ar,ar,Y
ar,ar,Y
ar,ar,Y
ar,ar,Y
ar,ar,Y
ar,ar,Y
ar,ar,Y
ar,ar,Y
ar,ar,Y
ar,ar,Y
ar,ar,Y
ar,ar,Y
ar,ar,Y
ar,ar,Y
ar,ar,Y
ar,ar,Y
ar,ar,Y
ar,ar,Y
ar,ar,Y
ar,ar,Y
ar,ar,Y
ar,ar,Y
ar,ar,Y
ar,ar,Y
ar,ar,Y
ar,ar,Y
ar,ar,Y
ar,ar,Y
ar,ar,Y
ar,ar,Y
ar,ar,Y
ar,ar,Y
ar,ar,Y
ar,ar,Y
ar,ar,Y
ar,ar,Y
ar,ar,Y
ar,ar,Y
ar,ar,Y
ar,ar,Y
ar,ar,Y
ar,ar,Y
ar,ar,Y
ar,ar,Y
ar,ar,Y
ar,ar,Y
ar,ar,Y
ar,ar,Y
ar,ar,Y
ar,ar,Y
ar,ar,Y
ar,ar,Y
ar,ar,Y
ar,ar,Y
ar,ar,Y
ar,ar,Y
ar,ar,Y
ar,ar,Y
ar,ar,Y
ar,ar,Y
ar,ar,Y
ar,ar,Y
ar,ar,Y
ar,ar,Y
ar,ar,Y
ar,ar,Y
ar,ar,Y
ar,ar,Y
ar,ar,Y
ar,ar,Y
ar,ar,Y
ar,ar,Y
ar,ar,Y
ar,ar,Y
ar,ar,Y
ar,ar,Y
ar,ar,Y
ar,ar,Y
ar,ar,Y
ar,ar,Y
ar,ar,Y
ar,ar,Y
ar,ar,Y
ar,ar,Y
ar,ar,Y
ar,ar,Y
ar,ar,Y
ar,ar,Y
ar,ar,Y
ar,ar,Y
ar,ar,Y
ar,ar,Y
ar,ar,Y
ar,ar,Y
ar,ar,Y
ar,ar,Y
ar,ar,Y
ar,ar,Y
ar,ar,Y
ar,ar,Y
ar,ar,Y
ar,ar,Y
ar,ar,Y
ar,ar,Y
ar,ar,Y
ar,ar,Y
ar,ar,Y
ar,ar,Y
ar,ar,Y
ar,ar,Y
ar,ar,Y
ar,ar,Y
ar,ar,Y
ar,ar,Y
ar,ar,Y
ar,ar,Y
ar,ar,Y
ar,ar,Y
ar,ar,Y
ar,ar,Y
ar,ar,Y
ar,ar,Y
ar,ar,Y
ar,ar,Y
ar,ar,Y
ar,ar,Y
ar,ar,Y
ar,ar,Y
ar,ar,Y
ar,ar,Y
ar,ar,Y
ar,ar,Y
ar,ar,Y
ar,ar,Y
ar,ar,Y
ar,ar,Y
ar,ar,Y
ar,ar,Y
ar,ar,Y
ar,ar,Y
ar,ar,Y
ar,ar,Y
ar,ar,Y
ar,ar,Y
ar,ar,Y
ar,ar,Y
ar,ar,Y
ar,ar,Y
ar,ar,Y
ar,ar,Y
ar,ar,Y
ar,ar,Y
ar,ar,Y
ar,ar,Y
ar,ar,Y
ar,ar,Y
ar,ar,Y
ar,ar,Y
ar,ar,Y
ar,ar,Y
ar,ar,Y
ar,ar,Y
ar,ar,Y
ar,ar,Y
ar,ar,Y
ar,ar,Y
ar,ar,Y
ar,ar,Y
ar,ar,Y
ar,ar,Y
ar,ar,Y
ar,ar,Y
ar,ar,Y
ar,ar,Y
ar,ar,Y
ar,ar,Y
ar,ar,Y
ar,ar,Y
ar,ar,Y
ar,ar,Y
ar,ar,Y
ar,ar,Y
ar,ar,Y
ar,ar,Y
ar,ar,Y
ar,ar,Y
ar,ar,Y
ar,ar,Y
ar,ar,Y
ar,ar,Y
ar,ar,Y
ar,ar,Y
ar,ar,Y
ar,ar,Y
ar,ar,Y
ar,ar,Y
ar,ar,Y
ar,ar,Y
ar,ar,Y
ar,ar,Y
ar,ar,Y
ar,ar,Y
ar,ar,Y
ar,ar,Y
ar,ar,Y
ar,ar,Y
ar,fa,N
ar,ar,Y
ar,ar,Y
ar,ar,Y
ar,ar,Y
ar,ar,Y
ar,ar,Y
ar,ar,Y
ar,ar,Y
ar,ar,Y
ar,ar,Y
ar,ar,Y
ar,ar,Y
ar,ar,Y
ar,ar,Y
ar,ar,Y
ar,ar,Y
ar,ar,Y
ar,ar,Y
ar,ar,Y
ar,ar,Y
ar,ar,Y
ar,ar,Y
ar,ar,Y
ar,ar,Y
ar,ar,Y
ar,ar,Y
ar,ar,Y
ar,ar,Y
ar,ar,Y
ar,ar,Y
ar,ar,Y
ar,ar,Y
ar,ar,Y
ar,ar,Y
ar,ar,Y
ar,ar,Y
ar,ar,Y
ar,ar,Y
ar,ar,Y
ar,ar,Y
ar,ar,Y
ar,ar,Y
ar,ar,Y
ar,ar,Y
ar,ar,Y
ar,ar,Y
ar,ar,Y
ar,ar,Y
ar,ar,Y
ar,ar,Y
ar,ar,Y
ar,ar,Y
ar,ar,Y
ar,ar,Y
ar,ar,Y
ar,ar,Y
ar,ar,Y
ar,ar,Y
ar,ar,Y
de,de,Y
de,de,Y
de,de,Y
de,de,Y
de,de,Y
de,de,Y
de,de,Y
de,de,Y
de,de,Y
de,de,Y
de,de,Y
de,de,Y
de,de,Y
de,de,Y
de,de,Y
de,de,Y
de,de,Y
de,de,Y
de,de,Y
de,de,Y
de,de,Y
de,de,Y
de,de,Y
de,de,Y
de,de,Y
de,de,Y
de,de,Y
de,de,Y
de,de,Y
de,de,Y
de,de,Y
de,de,Y
de,de,Y
de,de,Y
de,de,Y
de,de,Y
de,de,Y
de,de,Y
de,de,Y
de,de,Y
de,de,Y
de,de,Y
de,de,Y
de,de,Y
de,de,Y
de,de,Y
de,de,Y
de,de,Y
de,de,Y
de,de,Y
de,de,Y
de,de,Y
de,de,Y
de,de,Y
de,de,Y
de,de,Y
de,de,Y
de,de,Y
de,de,Y
de,de,Y
de,de,Y
de,de,Y
de,de,Y
de,de,Y
de,de,Y
de,de,Y
de,de,Y
de,de,Y
de,de,Y
de,de,Y
de,de,Y
de,de,Y
de,de,Y
de,de,Y
de,de,Y
de,de,Y
de,de,Y
de,de,Y
de,de,Y
de,de,Y
de,de,Y
de,de,Y
de,de,Y
de,de,Y
de,de,Y
de,de,Y
de,de,Y
de,de,Y
de,de,Y
de,de,Y
de,de,Y
de,de,Y
de,de,Y
de,de,Y
de,de,Y
de,de,Y
de,de,Y
de,de,Y
de,de,Y
de,de,Y
de,de,Y
de,de,Y
de,de,Y
de,de,Y
de,de,Y
de,de,Y
de,de,Y
de,de,Y
de,de,Y
de,de,Y
de,de,Y
de,en,N
de,de,Y
de,de,Y
de,de,Y
de,de,Y
de,de,Y
de,de,Y
de,de,Y
de,de,Y
de,de,Y
de,de,Y
de,de,Y
de,de,Y
de,de,Y
de,de,Y
de,de,Y
de,de,Y
de,de,Y
de,de,Y
de,de,Y
de,de,Y
de,de,Y
de,de,Y
de,de,Y
de,de,Y
de,de,Y
de,de,Y
de,de,Y
de,de,Y
de,de,Y
de,ca,N
de,de,Y
de,de,Y
de,de,Y
de,de,Y
de,de,Y
de,de,Y
de,de,Y
de,et,N
de,de,Y
de,de,Y
de,ca,N
de,de,Y
de,de,Y
de,de,Y
de,de,Y
de,de,Y
de,de,Y
de,de,Y
de,de,Y
de,de,Y
de,de,Y
de,de,Y
de,de,Y
de,de,Y
de,de,Y
de,de,Y
de,de,Y
de,et,N
de,de,Y
de,de,Y
de,de,Y
de,de,Y
de,de,Y
de,de,Y
de,de,Y
de,fr,N
de,de,Y
de,de,Y
de,de,Y
de,de,Y
de,de,Y
de,de,Y
de,de,Y
de,de,Y
de,de,Y
de,de,Y
de,de,Y
de,de,Y
de,de,Y
de,de,Y
de,de,Y
de,af,N
de,de,Y
de,de,Y
de,de,Y
de,de,Y
de,de,Y
de,de,Y
de,de,Y
de,de,Y
de,de,Y
de,de,Y
de,de,Y
de,de,Y
de,de,Y
de,de,Y
de,de,Y
de,fr,N
de,de,Y
de,de,Y
de,de,Y
de,de,Y
de,de,Y
de,de,Y
de,de,Y
de,de,Y
de,de,Y
de,de,Y
de,de,Y
de,de,Y
de,de,Y
de,de,Y
de,de,Y
de,de,Y
de,de,Y
de,de,Y
de,et,N
de,de,Y
de,de,Y
de,de,Y
de,de,Y
de,de,Y
de,de,Y
de,de,Y
de,de,Y
de,no,N
de,de,Y
de,de,Y
de,de,Y
de,de,Y
de,de,Y
de,de,Y
de,de,Y
de,de,Y
de,de,Y
de,de,Y
de,de,Y
de,de,Y
de,de,Y
de,de,Y
de,tl,N
de,de,Y
de,de,Y
de,de,Y
de,de,Y
de,de,Y
de,de,Y
de,af,N
de,de,Y
de,de,Y
de,de,Y
de,de,Y
de,de,Y
de,de,Y
de,de,Y
de,af,N
de,de,Y
de,de,Y
de,de,Y
de,de,Y
de,de,Y
de,de,Y
de,de,Y
de,de,Y
de,de,Y
de,de,Y
de,de,Y
de,de,Y
de,de,Y
de,de,Y
de,de,Y
de,de,Y
de,de,Y
de,de,Y
de,de,Y
de,de,Y
de,de,Y
de,de,Y
de,de,Y
de,de,Y
de,de,Y
de,de,Y
de,en,N
de,de,Y
de,de,Y
de,de,Y
de,de,Y
de,de,Y
de,de,Y
de,de,Y
de,de,Y
de,de,Y
de,de,Y
de,de,Y
de,de,Y
de,de,Y
de,de,Y
de,de,Y
de,de,Y
de,de,Y
de,de,Y
de,de,Y
de,de,Y
de,de,Y
de,de,Y
de,de,Y
de,de,Y
de,de,Y
de,de,Y
de,de,Y
de,de,Y
de,de,Y
de,de,Y
de,de,Y
de,de,Y
de,de,Y
de,de,Y
de,de,Y
de,de,Y
de,da,N
de,de,Y
de,de,Y
de,de,Y
de,de,Y
de,pl,N
de,de,Y
de,de,Y
de,de,Y
de,de,Y
de,de,Y
de,de,Y
de,de,Y
de,et,N
de,sv,N
de,de,Y
de,de,Y
de,de,Y
de,af,N
de,de,Y
de,de,Y
de,de,Y
de,de,Y
de,de,Y
de,de,Y
de,de,Y
de,de,Y
de,de,Y
de,de,Y
de,de,Y
de,de,Y
de,de,Y
de,de,Y
de,de,Y
de,de,Y
de,de,Y
de,de,Y
de,de,Y
de,de,Y
de,de,Y
de,de,Y
de,de,Y
de,de,Y
de,de,Y
de,de,Y
de,de,Y
de,de,Y
de,de,Y
de,de,Y
de,de,Y
de,de,Y
de,de,Y
de,de,Y
de,de,Y
de,de,Y
de,de,Y
de,de,Y
de,de,Y
de,de,Y
de,de,Y
de,de,Y
de,de,Y
de,de,Y
de,de,Y
de,de,Y
de,de,Y
de,de,Y
de,de,Y
de,de,Y
de,en,N
de,de,Y
de,de,Y
de,de,Y
de,de,Y
de,de,Y
de,de,Y
de,af,N
de,de,Y
de,de,Y
de,de,Y
de,de,Y
de,de,Y
de,de,Y
de,de,Y
de,de,Y
de,de,Y
de,de,Y
de,de,Y
de,de,Y
de,de,Y
de,de,Y
de,de,Y
de,de,Y
de,de,Y
de,de,Y
de,de,Y
de,de,Y
de,de,Y
de,de,Y
de,de,Y
de,de,Y
de,de,Y
de,de,Y
de,de,Y
de,de,Y
de,de,Y
de,de,Y
de,de,Y
de,de,Y
de,de,Y
de,de,Y
de,de,Y
de,de,Y
de,de,Y
de,de,Y
de,de,Y
de,de,Y
de,de,Y
de,de,Y
de,fr,N
de,de,Y
de,de,Y
de,de,Y
de,de,Y
de,de,Y
de,de,Y
de,de,Y
de,de,Y
de,de,Y
de,de,Y
de,de,Y
de,de,Y
de,de,Y
de,de,Y
de,de,Y
de,de,Y
de,de,Y
de,de,Y
de,de,Y
kn,kn,Y
kn,kn,Y
kn,kn,Y
kn,kn,Y
kn,kn,Y
kn,kn,Y
kn,kn,Y
kn,kn,Y
kn,kn,Y
kn,kn,Y
kn,kn,Y
kn,kn,Y
kn,kn,Y
kn,kn,Y
kn,kn,Y
kn,kn,Y
kn,kn,Y
kn,kn,Y
kn,kn,Y
kn,kn,Y
kn,kn,Y
kn,kn,Y
kn,kn,Y
kn,kn,Y
kn,kn,Y
kn,kn,Y
kn,kn,Y
kn,kn,Y
kn,kn,Y
kn,kn,Y
kn,kn,Y
kn,kn,Y
kn,kn,Y
kn,kn,Y
kn,kn,Y
kn,kn,Y
kn,kn,Y
kn,kn,Y
kn,kn,Y
kn,kn,Y
kn,kn,Y
kn,kn,Y
kn,kn,Y
kn,kn,Y
kn,kn,Y
kn,kn,Y
kn,kn,Y
kn,kn,Y
kn,kn,Y
kn,kn,Y
kn,kn,Y
kn,kn,Y
kn,kn,Y
kn,kn,Y
kn,kn,Y
kn,kn,Y
kn,kn,Y
kn,kn,Y
kn,kn,Y
kn,kn,Y
kn,kn,Y
kn,kn,Y
kn,kn,Y
kn,kn,Y
kn,kn,Y
kn,kn,Y
kn,kn,Y
kn,kn,Y
kn,kn,Y
kn,kn,Y
kn,kn,Y
kn,kn,Y
kn,kn,Y
kn,kn,Y
kn,kn,Y
kn,kn,Y
kn,kn,Y
kn,kn,Y
kn,kn,Y
kn,kn,Y
kn,kn,Y
kn,kn,Y
kn,kn,Y
kn,kn,Y
kn,kn,Y
kn,kn,Y
kn,kn,Y
kn,kn,Y
kn,kn,Y
kn,kn,Y
kn,kn,Y
kn,kn,Y
kn,kn,Y
kn,kn,Y
kn,kn,Y
kn,kn,Y
kn,kn,Y
kn,kn,Y
kn,kn,Y
kn,kn,Y
kn,kn,Y
kn,kn,Y
kn,kn,Y
kn,kn,Y
kn,kn,Y
kn,kn,Y
kn,kn,Y
kn,kn,Y
kn,kn,Y
kn,kn,Y
kn,kn,Y
kn,kn,Y
kn,kn,Y
kn,kn,Y
kn,kn,Y
kn,kn,Y
kn,kn,Y
kn,kn,Y
kn,kn,Y
kn,kn,Y
kn,kn,Y
kn,kn,Y
kn,kn,Y
kn,kn,Y
kn,kn,Y
kn,kn,Y
kn,kn,Y
kn,kn,Y
kn,kn,Y
kn,kn,Y
kn,kn,Y
kn,kn,Y
kn,kn,Y
kn,kn,Y
kn,kn,Y
kn,kn,Y
kn,kn,Y
kn,kn,Y
kn,kn,Y
kn,kn,Y
kn,kn,Y
kn,kn,Y
kn,kn,Y
kn,kn,Y
kn,kn,Y
kn,kn,Y
kn,kn,Y
kn,kn,Y
kn,kn,Y
kn,kn,Y
kn,kn,Y
kn,kn,Y
kn,kn,Y
kn,kn,Y
kn,kn,Y
kn,kn,Y
kn,kn,Y
kn,kn,Y
kn,kn,Y
kn,kn,Y
kn,kn,Y
kn,kn,Y
kn,kn,Y
kn,kn,Y
kn,kn,Y
kn,kn,Y
kn,kn,Y
kn,kn,Y
kn,kn,Y
kn,kn,Y
kn,kn,Y
kn,kn,Y
kn,kn,Y
kn,kn,Y
kn,kn,Y
kn,kn,Y
kn,kn,Y
kn,kn,Y
kn,kn,Y
kn,kn,Y
kn,kn,Y
kn,kn,Y
kn,kn,Y
kn,kn,Y
kn,kn,Y
kn,kn,Y
kn,kn,Y
kn,kn,Y
kn,kn,Y
kn,kn,Y
kn,kn,Y
kn,kn,Y
kn,kn,Y
kn,kn,Y
kn,kn,Y
kn,kn,Y
kn,kn,Y
kn,kn,Y
kn,kn,Y
kn,kn,Y
kn,kn,Y
kn,kn,Y
kn,kn,Y
kn,kn,Y
kn,kn,Y
kn,kn,Y
kn,kn,Y
kn,kn,Y
kn,kn,Y
kn,kn,Y
kn,kn,Y
kn,kn,Y
kn,kn,Y
kn,kn,Y
kn,kn,Y
kn,kn,Y
kn,kn,Y
kn,kn,Y
kn,kn,Y
kn,kn,Y
kn,kn,Y
kn,kn,Y
kn,kn,Y
kn,kn,Y
kn,kn,Y
kn,kn,Y
kn,kn,Y
kn,kn,Y
kn,kn,Y
kn,kn,Y
kn,kn,Y
kn,kn,Y
kn,kn,Y
kn,kn,Y
kn,kn,Y
kn,kn,Y
kn,kn,Y
kn,kn,Y
kn,kn,Y
kn,kn,Y
kn,kn,Y
kn,kn,Y
kn,kn,Y
kn,kn,Y
kn,kn,Y
kn,kn,Y
kn,kn,Y
kn,kn,Y
kn,kn,Y
kn,kn,Y
kn,kn,Y
kn,kn,Y
kn,kn,Y
kn,kn,Y
kn,kn,Y
kn,kn,Y
kn,kn,Y
kn,kn,Y
kn,kn,Y
kn,kn,Y
kn,kn,Y
kn,kn,Y
kn,kn,Y
kn,kn,Y
kn,kn,Y
kn,kn,Y
kn,kn,Y
kn,kn,Y
kn,kn,Y
kn,kn,Y
kn,kn,Y
kn,kn,Y
kn,kn,Y
kn,kn,Y
kn,kn,Y
kn,kn,Y
kn,kn,Y
kn,kn,Y
kn,kn,Y
kn,kn,Y
kn,kn,Y
kn,kn,Y
kn,kn,Y
kn,kn,Y
kn,kn,Y
kn,kn,Y
kn,kn,Y
kn,kn,Y
kn,kn,Y
kn,kn,Y
kn,kn,Y
kn,kn,Y
kn,kn,Y
kn,kn,Y
kn,kn,Y
kn,kn,Y
kn,kn,Y
kn,kn,Y
kn,kn,Y
kn,kn,Y
kn,kn,Y
kn,kn,Y
kn,kn,Y
kn,kn,Y
kn,kn,Y
kn,kn,Y
kn,kn,Y
kn,kn,Y
kn,kn,Y
kn,kn,Y
kn,kn,Y
kn,kn,Y
kn,kn,Y
kn,kn,Y
kn,kn,Y
kn,kn,Y
kn,kn,Y
kn,kn,Y
kn,kn,Y
kn,kn,Y
kn,kn,Y
kn,kn,Y
kn,kn,Y
kn,kn,Y
kn,kn,Y
kn,kn,Y
kn,kn,Y
kn,kn,Y
kn,kn,Y
kn,kn,Y
kn,kn,Y
kn,kn,Y
kn,kn,Y
kn,kn,Y
kn,kn,Y
kn,kn,Y
kn,kn,Y
kn,kn,Y
kn,kn,Y
kn,kn,Y
kn,kn,Y
kn,kn,Y
kn,kn,Y
kn,kn,Y
kn,kn,Y
kn,kn,Y
kn,kn,Y
kn,kn,Y
kn,kn,Y
kn,kn,Y
kn,kn,Y
kn,kn,Y
kn,kn,Y
kn,kn,Y
kn,kn,Y
kn,kn,Y
kn,kn,Y
kn,kn,Y
kn,kn,Y
kn,kn,Y
kn,kn,Y
kn,kn,Y
kn,kn,Y
kn,kn,Y
kn,kn,Y
kn,kn,Y
kn,kn,Y
kn,kn,Y
kn,kn,Y
